1256860
1016322
1033635
990744
1006755
987999
1975526
1723743
1182083
1001404
973632
825400
1057050
1024759
987798
1028435
961027
1006934
1008368
999220
1212435
1354145
949175
1170586
1002747
1029868
998509
997618
977289
976637
1156725
1003548
1049095
974513
575845
977138
1107967
1218787
989382
620880
1118928
995523
1008608
984953
988179
1047912
1001985
981015
1035399
985875
1947057
1111994
1686487
1315381
963462
940318
953513
1135459
830709
1071778
956028
988880
993319
1001655
1030800
1084032
1174454
1649757
1457782
1357251
826061
1431062
1381106
976728
1741582
1670838
1660668
2037869
2488848
1158293
998238
1121201
989191
927343
1046690
971277
1057291
954625
954655
1090920
547541
995012
1746001
1436842
937864
550717
957741
1153453
966538
975625
819638
993188
601965
990123
992147
548473
1003027
990704
1303338
1733677
986876
1017515
1224053
1005312
962901
980535
975495
953032
949966
966828
1182268
1010211
1049586
1596626
1472240
1507682
1214134
841450
1001134
960887
1017434
999731
971116
989952
1134297
1006655
985654
1062129
1299271
1149946
1124629
548192
978541
1006745
988530
650718
616553
967459
707977
993049
1197347
639436
965186
1009920
1055918
1466699
1142633
1287308
673731
1020601
1022024
989211
1003097
620229
999401
1338275
1707927
1700593
1114770
1751525
1570276
1007386
939186
1012896
987669
953894
972620
976788
988190
1002707
1094526
995453
986926
1044256
1174619
677994
1007120
962881
959204
959023
966227
624007
980444
981346
739155
967931
1022555
996475
970235
983820
1033295
2127320
1041731
967740
982649
987488
944266
993319
1030490
1105072
937152
991626
1005202
1001905
991977
1127404
1322665
1062941
1055407
986616
1004120
1003378
980364
958182
1141150
990884
985404
923767
969022
992808
977298
1363353
1492728
844986
975435
645948
983981
981887
999181
1001194
984141
1053880
1005171
1002175
1030851
977820
947522
1568673
1188871
1016453
1001905
996626
653232
1018927
523446
1306855
970045
1016162
939276
1001985
959875
949476
958112
1141390
1186316
958222
991295
958141
1048353
990494
967139
1268938
983981
991045
1004911
1074503
1049922
998229
1017936
543003
1207125
517985
1000482
978361
980515
950978
953563
782698
951048
1078516
1021743
992117
973842
1015111
991536
1099841
1335620
1058823
1042632
962129
1374183
1800303
1801705
1373873
1003949
1028325
991535
965576
1038865
1420030
1016623
1089401
960426
1002216
943644
1114074
969243
1029347
965506
957430
986396
963312
995684
574783
1031271
1570406
1025039
1101270
1010602
967911
1235499
1005703
954496
1002226
970806
987227
1050698
992317
996715
1226912
1053393
1052521
1099390
972859
997337
1019188
976988
993770
984943
972099
987718
936641
984692
1063252
994612
1005652
1473933
1012325
1086727
1006884
991175
726061
959935
1223131
952171
1011564
1003949
986065
986165
994020
955236
997767
1094020
1072269
1086356
945137
1057371
1002066
985434
1014750
1010772
979893
984582
1026271
1026181
993129
974834
1087568
1443049
1208849
1031251
818807
952482
983170
1028406
958903
982057
994701
997878
990253
974043
930269
967881
1008879
1263713
565204
1148665
1038725
927284
974873
987498
1005041
601834
977770
966087
1072009
981566
1001754
1019639
998068
1621619
1109695
1338665
1092598
946449
982699
988049
1004340
927113
967600
967770
1074323
999240
969203
999681
1520401
1028245
1133575
983540
998449
851559
986336
986696
1016523
967108
871457
1089432
958843
983600
995132
1092508
1345018
979783
1241229
1017495
940869
964624
1001665
1023847
984602
997827
976427
1154194
987919
996225
924478
980094
1196756
1038334
708107
1086937
1035499
979663
987237
987197
957150
867690
984452
2009967
1029217
971608
1209800
1225731
996916
1001485
966067
568020
1014098
532543
1001183
976447
987598
981396
1204425
962982
1007857
596013
746199
1082468
815361
1001715
1153083
1064254
985935
1041600
906815
962059
1051270
982328
1020501
981346
973482
983771
993680
988249
1495174
1260247
944716
658262
982248
1000212
960496
987738
1003208
1044215
998508
937172
977248
990513
978030
1253454
1438070
1117650
1006053
986085
1015000
983971
1194071
1249707
1020320
983380
1004290
1014419
983380
1003478
1351480
1784483
1126833
1003318
984162
993680
958142
882468
1215972
636190
1012245
986185
968281
941711
994010
1161178
1787840
1217775
965886
1035399
998769
996094
984432
1157842
1006855
979182
817064
994522
993459
1111724
1245729
1802668
1793982
1747343
1683451
1506986
937593
964775
657651
1004399
979322
1072239
673661
1454767
1072480
1034497
1036982
1000152
984733
979322
967009
1006294
954064
964353
1006193
994751
986145
996325
856299
1063262
1560487
1246540
1025470
981376
976036
966368
1066517
1038735
973061
990333
964324
964824
983951
990944
1185735
1040880
1119289
834237
984412
992618
1006884
1012655
1041831
982088
979502
1000713
973031
945758
938635
768702
1064203
1492779
930800
1027754
1002185
1065786
980385
1213503
1105953
998548
949045
984222
940939
970846
957581
1021753
1433916
1066268
1015220
981336
967269
841650
1236903
1034017
1066438
968010
980484
991045
690002
1091931
970495
1377504
1627229
1798339
1745279
1220150
1010272
1073051
967731
954375
999822
933035
997817
1431601
964214
1618418
1069223
1000723
1021192
953293
1007376
965907
994241
1010262
953242
974102
997577
998529
660265
1018938
1180485
759624
1005031
1019548
991655
490954
989411
1009871
1013407
963572
958763
906354
977348
1038454
948023
1245809
993149
1556750
1436802
1002927
953203
981055
1237824
987868
993960
1015281
952481
992017
1000583
1038765
981466
993619
626852
1744588
938335
994691
985864
1163694
962911
973922
978260
934306
966508
965035
985764
966979
920941
1004941
1551750
1425275
968171
979984
1103598
1002016
968041
977729
948103
596975
955858
1008238
618776
1012155
1036742
1067330
537422
993289
976898
947832
964294
991104
985574
974153
966538
991505
983500
1648054
999120
515581
989532
975445
948223
1591541
1001905
964844
1008838
1145528
976817
1026502
967430
1008207
1066674
1056599
988610
1020150
1107050
634567
1080946
1264034
1000101
987287
985354
963382
965767
706283
983891
987848
991345
955447
968171
1010140
1006914
958462
1488881
1229984
1014670
977700
939847
1195744
750567
937733
1026502
984733
953133
1015661
510201
639826
533885
1005913
1012605
1289802
1565422
1001073
533755
987148
1212366
559774
971087
983269
497947
983651
977800
992127
1032263
985424
597997
983170
1047341
1322836
1060316
1042502
1087509
996184
501974
947682
972079
999200
954766
968031
974362
1042192
974573
976486
1382198
1798500
1143505
1304942
938384
1085579
669182
991074
998549
988651
945448
1225114
885343
998158
981997
1353864
1303849
973862
1026441
1034587
966999
983961
574172
992667
992748
955647
1024327
1017044
909670
1006243
1005942
926947
1075816
1097327
1081952
976527
1000713
957541
981236
978290
999210
923927
1057711
1043174
996795
937673
989732
1006274
1129277
987788
1209035
982648
1077840
982819
974283
999440
968551
977529
1066408
977980
982548
992407
1056418
1188390
995323
1116078
998398
1005663
962149
729057
729457
992076
1006233
984222
1059685
968431
975465
1027835
982257
1060071
1024899
1075275
952952
982819
957150
971227
989111
963271
955597
992868
1359786
1052972
1011684
1001715
1039096
2172291
1450543
1676443
1677329
1781016
1670486
1638535
1708920
1761740
1582249
1591266
1535860
1570997
1600273
1658163
1781157
1589012
1645228
1566969
991325
1709992
1175325
986677
810642
952591
962150
1032884
995613
991656
948543
921793
954976
957651
968271
927103
1899006
1004931
942742
690623
917003
1098519
620821
930129
941641
1011353
966602
945579
905221
942382
959605
975866
1036642
1165442
1037587
960897
983691
982167
987668
986346
941790
1214810
990053
954094
928786
938174
640167
963402
978721
991967
969985
1040118
1011533
939416
941581
997617
960516
993569
988249
1015460
999971
995082
982398
969644
1007255
1087057
1178326
967821
948744
966518
970175
949987
923977
915581
504339
971367
964985
909049
970675
922925
923777
929888
983570
1279478
970445
966157
936681
703007
936411
1021062
505832
947963
973521
938164
922183
914549
944927
930739
782538
1003979
939135
967961
990343
965346
970786
944376
910982
933986
817104
983911
1011854
941891
998319
996014
962600
955728
1000152
1249777
995593
1041630
988479
982739
1016403
1008888
995173
970215
997477
972580
942643
977820
1004450
958393
1447813
1200202
1035619
992287
1044246
1050989
985333
960005
1052672
988510
1025119
1004099
934857
991255
978280
993740
1127404
1009159
1020270
1033555
991024
1019789
992838
988690
1149565
585363
1009079
970055
899470
956198
968201
976927
1015752
1053033
949065
999621
927734
1077148
1128445
924077
1185199
968116
997987
971007
990844
1148449
955166
952190
1173927
1153854
989963
948313
946610
453422
916483
493068
918126
582638
1087428
1013242
944917
943675
900603
937573
938815
923476
997918
996325
989792
1009860
909990
941441
941340
947922
504349
1004330
941901
925830
1071838
1036010
1074643
1106483
1011694
1236201
1017799
1023356
502425
529858
903628
949396
1044165
1042662
789542
890674
1003017
957080
968181
936040
679462
953083
959584
1110682
615500
1029417
947752
865415
942923
1154285
920761
1015611
1353779
992608
930430
1267810
1059615
969454
902556
1058764
951950
981446
958292
977008
1153614
988580
926953
981346
971337
969122
960216
1045889
1012225
910451
961809
1005893
1015751
953263
560937
968121
1099291
991585
952892
986746
997517
1004270
952792
968631
968232
1055773
972810
997176
1120201
949475
992803
926241
518496
950498
929097
950758
928906
953373
907726
986586
925540
1268547
658092
658562
588469
936802
1606895
1013126
1053894
1044526
987237
1031652
484462
966308
968612
989742
1013337
1132714
1076918
995523
729608
993158
1509841
963001
1020801
966728
974553
610301
984081
996955
995012
982979
962270
647391
1068962
959665
996424
1051650
1340048
1018707
986105
987257
953824
1004781
999600
983150
1001544
1033766
1070816
986325
570445
960968
911353
942392
1048303
1438376
1021612
1077850
980204
1012566
979843
956559
983841
953633
999271
1033755
1034407
1003668
982358
975665
1354816
1063472
831441
1034327
953433
993780
987368
988921
1004771
1005983
999771
1242759
1095137
876276
981125
1011854
850517
1005743
1034527
963752
989412
983440
1013487
1000994
1003818
1028927
1197938
1544367
1006073
960216
993369
1207316
1285043
1039106
1027744
976597
1021753
973731
1003027
1016122
542672
1202847
995984
1829199
2621765
3929493
3216466
2403881
1783923
1436422
1747633
2091407
1908259
1793660
1631733
1358684
617715
1494913
1729970
1274003
1844066
1368352
1649426
1278231
1353124
1277825
1815513
1897288
1383190
1946917
1893551
1796286
1811495
1770757
1805173
1376107
1695684
1820973
1705919
1326863
2006720
1728556
1105332
1419138
1730520
1776348
1701265
893950
1680496
1970768
2025999
2557844
1176437
1898730
1729399
1823096
1444687
1011264
1100423
1132123
1822365
1864155
1862196
1602157
1634368
1605733
1578331
1214800
973040
1443033
1082017
996314
1745730
1886267
1499466
1844878
1377450
1014049
2372672
986336
1361318
928094
964284
992748
662300
1021964
951589
933845
962461
561307
921632
948554
933004
944145
1003539
920029
1000092
696094
958372
968491
944996
1085885
1352111
1020460
1087448
1803990
1764044
1798741
998489
964093
923406
1022705
934678
981867
1250418
1288350
933665
924257
946440
934657
971457
952321
970135
992698
977248
600733
966568
964334
938535
1016323
954104
1568066
1069003
984813
521351
947492
969073
996935
957691
971467
972219
955547
965245
985504
977349
1007736
578390
1158964
1409310
1065386
963563
940087
987137
992027
1169313
942121
919879
977018
987198
984984
936010
979302
1009079
1038535
1229027
1018516
935889
945498
958262
960427
932333
947662
982218
953062
940568
958011
652991
939747
942271
949345
1097988
1061418
672900
994411
952141
954956
943685
960556
962921
1106394
955717
948654
948484
958653
940649
673251
953583
1053443
957280
949285
686616
1055016
928395
937754
960085
953403
518206
1123841
1068602
936912
976417
956378
972570
895202
1006133
1027684
977899
971086
971577
966227
978741
935569
1250188
1286446
946059
1194547
1348880
954906
940579
930369
912075
971688
948985
973451
938755
928025
940618
1032754
932613
916754
918477
924839
889582
942402
1151134
948904
1159455
981622
945478
921743
922705
927133
622454
479772
964724
726260
957871
905411
933314
619007
908467
937863
942722
1215571
1067374
1059635
946420
988069
992438
989191
962811
1094421
949255
933115
948294
964895
927404
566999
844566
903939
975906
993990
1055497
1004751
1014840
974674
974083
940358
972810
974162
1064640
947562
959926
998358
985233
965776
972800
978711
975215
1331161
998849
688980
735178
968772
961158
963553
957501
983981
969994
976296
938304
1010973
1045478
945949
1008297
1198459
1214269
961448
992136
1111464
1275340
972620
927063
966849
992848
945729
944085
955266
941370
950037
802105
1038465
976226
966157
1003849
655987
1162390
691895
951239
1020020
949826
717675
923857
963652
950537
936812
954515
947091
956549
1008127
968572
984682
1101014
1322525
1227855
684412
921723
969944
909750
925360
990013
926301
966268
928455
922785
997116
990292
938846
1114870
963562
935588
992878
942722
541410
704900
977289
947191
954956
970465
980795
486776
949085
944075
1110031
1104630
1056789
962921
935900
934598
957371
953974
928034
947762
941610
943484
940789
969444
928446
930099
555817
1034597
959404
941681
1035359
953713
938505
988149
931982
713927
941921
958954
900863
936711
934537
915751
585543
906524
942853
1495855
962059
1032984
567269
960407
994081
1027294
1040278
504549
639726
1012536
959575
928616
934607
942813
938004
1010121
964655
1120030
965296
967910
949044
980745
955798
1053168
1187047
1003247
940829
981507
931581
923606
951579
552360
921933
1163282
937522
973912
577739
941741
904039
962771
990203
953774
510842
925480
934307
968752
939136
970576
937001
1083702
1107736
1160477
978922
945088
945728
957120
972760
883179
971578
1146991
986295
964564
941911
946330
938224
918306
962761
1351540
1004140
935369
955246
623917
938053
950527
930219
950106
936330
1534327
842602
1614130
736240
1562451
1332884
1014439
972940
976217
952691
786696
952953
964263
1181797
971678
924057
677128
928025
675464
949907
962079
955056
1088410
915461
973180
1019228
902145
955126
954816
1177058
959023
930039
503126
985694
897406
950367
1121367
958022
532032
1220326
1278211
957340
969694
522824
961468
945899
939586
1018311
985734
927644
920039
834768
937673
931191
614819
917745
701173
1413478
1069434
891856
904470
930239
938214
911383
938064
1053313
980364
983610
989782
928816
964143
527674
970475
932604
1183921
974072
963382
948723
954485
965246
963361
902726
619628
1036000
1022214
953323
936281
926021
951409
934107
827123
1411454
781546
987899
935920
894181
934877
937272
990374
994721
940288
1006970
980775
1012295
941310
994491
1001304
984387
1079633
982098
935368
931511
932193
485634
940799
935179
950297
626220
926532
550377
939387
890423
1006720
1021161
1014679
569157
1513388
954174
967811
955026
489471
967019
551579
928856
989181
984251
957290
949846
943244
957801
951790
907135
997030
1043485
1119879
956018
956719
950137
964354
941410
991375
953673
988560
988019
962370
545818
1019879
976176
981877
630980
1062661
1422444
977709
1000924
991726
983330
1138305
998419
990052
483970
980915
985033
953954
677939
979934
979473
1009489
1255007
1000653
995493
966168
975525
1038074
1185865
972148
1003348
931552
780253
975885
999371
971667
1015902
935429
1073010
1009239
970555
943634
489641
990393
1007476
777879
976927
978871
992978
973511
1027714
1022955
972600
993524
2194648
1106679
1042061
987779
1009369
923467
988139
512715
955096
983701
1004090
534225
984302
1043765
962741
998499
1209440
1227675
526020
1010872
962059
1024108
979623
990374
971157
991205
1052241
1029187
1021642
1199771
990523
998248
1386476
996525
1017815
1015401
962741
982068
988209
1014600
926933
763222
994521
1019369
976707
1006263
936020
970626
1216333
1292819
916213
976737
1306365
895959
632923
958943
974032
981296
559995
1019098
1091866
1493240
972600
1000954
969213
1147863
965817
961899
1054641
987779
971387
1020501
961669
959735
964384
1005793
1216678
959935
936831
1002676
1333586
983861
960426
1014750
946109
527934
999741
1008318
963412
964875
1000122
969904
1264525
958543
1002606
985103
1312686
1074664
643925
1031471
1024809
976768
1045729
990864
1005041
678481
967399
1218407
969463
715450
966388
990273
1077880
1412185
993159
1036972
1307356
989772
1049176
959505
1015010
999631
999922
1007506
562560
995463
1034317
1043689
1220656
1343876
566327
1331783
979433
945087
1023266
983650
1003568
913617
1004861
1000643
1101425
1368131
1004670
981667
1620812
1041250
1017555
976667
1017705
1063923
657541
555747
951820
951410
984933
1011754
978070
978530
1000092
1000272
1346090
966047
1168773
822354
1005261
994632
994381
997416
966678
995573
1244622
985995
974323
967008
977629
972238
1029327
1186015
1024858
996184
999221
955727
993299
988600
497876
1016733
1002457
991556
1005211
652431
945078
941631
963643
1482339
983110
967420
959364
997457
1007306
629868
941761
977228
798869
988139
569543
1182489
983711
954776
1020210
1022114
1075135
985274
577959
1115050
1002897
1493941
1254044
1190744
1739789
1438436
768552
1000052
3166396
1008979
2414982
989652
974563
1015601
1072249
957181
978170
967831
1035379
939085
985224
1010442
1425010
1042853
1051169
987037
983991
1034126
967710
992477
1051149
987297
960085
974162
963562
827764
970545
1051400
1095243
1258863
988780
870956
577368
1020019
968030
998489
1129989
976026
909670
1016773
978661
924829
978320
952050
518977
1386867
1019769
987959
1062591
1202447
944105
1000813
1090409
955166
951029
1007666
1028206
621331
951619
971227
1054926
1466719
962650
983781
980414
921983
994401
559444
1088340
997808
959896
973461
960436
965496
988891
981366
1185153
806864
880936
973250
954174
960116
1034247
962971
989231
987378
638704
983640
979132
1097723
1008352
990213
1090363
959534
1219359
941971
981516
994181
920230
920861
986756
946940
985634
950096
979833
966217
687768
963061
1018662
1060226
1084212
1173261
949175
1008808
923426
927524
960056
940779
925089
965606
1221772
957651
961899
1038405
1000102
994762
664544
1115542
626472
972630
929698
969453
976126
523936
994171
993900
980264
981506
972449
732973
981035
957681
988990
968551
1061628
1096164
962961
982558
1014469
1020491
490182
790403
978911
946360
1017565
991847
970595
964074
1160807
594721
986446
1040749
1121864
793269
1234298
1031662
1362500
1000553
855637
618436
911323
884341
983831
988350
975725
1282304
1227985
1187087
1016012
908708
905862
952821
564253
957661
930940
942051
1014128
954094
935298
938414
990348
1205102
1018086
982980
1630531
949295
1084066
1033926
914269
939336
899090
943704
936952
927304
639255
934006
954976
482327
928826
913647
1055071
1026432
973642
1175666
1137824
957240
954745
1256785
964915
952160
947873
924478
933996
904049
948955
924288
952181
941139
1011133
997427
1033525
991785
938634
948303
979623
863462
870585
928846
937804
879102
948073
939306
943424
969714
1008819
1152011
986656
952281
919609
1041972
898328
902757
944325
630159
938895
928706
948013
977058
949194
952020
913116
532062
1223576
1015220
1012435
1055607
964774
933926
963292
932363
902686
942683
993189
956299
892417
948454
936892
979713
1086105
1169745
1074714
1109590
962440
940579
965256
951009
950327
958864
1179152
1057721
744445
967710
942081
948794
1139718
1391686
1100743
621832
917895
1037919
1021602
942722
891565
937723
490803
1134307
1026532
994300
983380
938896
1064289
1542373
1184307
993439
968341
558813
970325
952300
963502
976577
570555
1005873
921492
980455
974613
1002576
962220
926342
1124448
1170946
976878
994100
669553
900773
980725
1036301
976617
987678
1222679
1023206
971908
903719
974082
999110
1480936
1226673
1048584
997837
1019619
977890
954615
973391
965957
942111
988169
1205943
1009309
981657
988710
1036962
1289923
1018376
979011
980805
975144
998658
1024337
967119
1270586
972148
981636
964063
1002376
970565
1013137
1580736
1005913
1035970
944516
979552
974664
985874
984332
991265
1041000
1010271
951189
953343
1001946
979653
1017074
1484403
1027354
1130414
956168
936871
985474
981777
985834
942062
1033545
1045859
994622
989983
955777
1001194
1021743
1114349
975725
995233
971778
1006263
1004109
1034216
961118
1152181
995442
965446
990203
1019879
976647
992187
1051239
1059205
1041391
1118793
1011003
962490
950457
985254
987638
954144
990474
975095
786265
1001345
1002727
977459
655066
1614340
1014198
1004219
985995
981837
987297
583750
982999
686555
1049646
1001765
1009439
1016172
996014
975334
984793
1446381
1018417
1014590
956158
960597
1040018
527433
987889
1011253
1059800
997597
971738
948143
988109
955648
926442
1107486
1044486
1044927
970485
950978
975716
548032
1048884
1000783
1045608
1006564
963161
950287
995823
991716
1014509
963321
1581011
1042002
1054766
961588
993189
996074
990484
1069203
970596
974663
962110
946339
823737
967200
997026
951189
1440279
1199190
1022885
967069
960867
1015802
1151129
982328
960566
677629
996886
1000061
981948
985785
990884
1848495
1024628
1129417
973691
979041
932804
1013217
1243239
1063376
955106
515180
950096
1046660
984743
973692
1070596
1517085
982198
1045573
554244
1007065
980324
1199682
978170
824387
950708
991295
996024
991836
980425
1115942
1007826
948613
679682
1017646
994842
506513
952632
1006745
963692
1002386
958663
997446
994591
954444
1002236
964123
1266618
1166669
1319499
1043755
569062
952011
614559
962881
637802
1002447
980044
1024638
962641
999531
623686
989742
997246
1263021
971157
1527745
516843
1020240
650918
1008688
988991
995944
957150
988720
976257
1015591
988329
979883
1116733
1088309
1072600
1540940
1013076
1011053
1020952
969724
1088861
966167
977940
982108
955697
1007236
986505
957911
1025140
544425
993239
1466499
1020611
979763
971026
1238274
1039938
959975
974142
1092287
1001153
1013627
1042682
980886
1398074
1016453
894632
1248144
1001464
636420
989682
1047527
1003939
999351
989952
980795
998709
994672
1016032
1248645
1190789
552010
1304176
1086686
617194
968742
861869
1121381
661618
961288
987839
989411
957501
978260
976717
1218677
969273
860547
1028576
1476488
962751
998068
1014299
993409
988981
950387
948774
1038955
714920
956478
978992
1171277
984191
974904
1072178
1429397
515660
1037723
1080424
996204
938544
966388
978651
709299
967530
927764
929718
1199200
992147
993580
970536
1571067
1103939
1156699
1053152
982768
989041
1022785
962300
994892
989492
1032072
1090274
523445
1013847
978060
603418
1484387
1001274
989301
1021793
951069
983952
1021352
979442
1011053
976637
919969
1010391
997848
982188
934266
1010572
992327
760130
988149
965887
1141261
952110
981527
968472
938956
536891
989983
1009119
973240
963833
981076
969704
993780
1541681
1046620
1465436
1024868
996334
1009119
1002626
1035830
996335
1074032
972289
988239
941170
1008318
1031282
1720021
578951
1028356
975935
1002927
989171
509017
1010251
998068
993960
1383081
1071488
968612
976406
963302
1222013
1073441
1035630
1012796
899691
1002446
995433
994340
1141561
1069694
1026692
961288
1050548
555656
1028876
1005061
1325671
1308694
1124779
1001985
992868
947152
995723
540688
947422
1147643
544646
981797
980434
570134
992538
993649
1013648
1441345
1053237
996175
1062219
733365
1037513
1027083
1038034
1038194
981577
1054716
1043725
1094802
1063001
1050377
2185240
1044295
1187733
604560
996535
1003529
978380
1030665
992237
674161
908147
992948
988540
1015161
1000953
952732
1175596
985284
1015351
1001113
499320
985404
997516
981406
1051940
983700
1004781
959355
707726
933445
1055167
941961
1032063
1361709
978500
993820
996295
544866
957872
998920
972499
998298
1017184
980034
661077
959875
972238
947352
1015351
1239087
1238665
753062
989552
966868
921973
991596
973391
1064845
995082
1009370
1016693
975566
1058157
956118
678650
1072680
960136
1109610
932753
1033035
1005131
1040188
996374
994120
957531
980835
1194236
1025039
989352
976917
971467
979432
1053864
975184
995082
999411
987949
1068312
982068
909605
1019218
1017956
997126
966538
993018
952561
988130
1006104
1537894
1028566
1035639
1005212
962540
1010712
965566
1074764
994311
1014559
951159
969283
979002
957731
989592
975845
1147792
1062290
1052481
763602
987167
1012495
951940
1011424
981116
692106
976137
676306
1007015
709699
997237
1004329
1305262
1483511
972620
972459
995624
1014669
650797
652000
965466
988420
995413
984031
954585
979072
589020
963582
1183000
1263113
1009520
1016153
994671
908057
972870
1140920
996535
654875
987968
988169
1020801
1005182
977619
1170105
962460
1510522
1028476
1005282
1009179
972920
973581
1306208
1047111
1012435
934096
993419
951779
1037142
676958
1252742
1015191
1051620
997487
962500
962911
997496
974764
1072494
957491
966438
989371
961649
982187
962410
996776
1335559
703398
1570096
1025520
990424
988039
617975
955507
1047312
978271
985805
603728
1001194
986857
1015191
960096
1529794
1318282
1243424
951659
968542
972730
1018426
598287
1173281
900031
988219
1003158
982959
983801
985935
1024539
1002296
686415
944521
1077488
798819
976687
993940
1085514
998809
981185
970165
1027002
973211
734326
980745
982348
941099
985985
1317796
1115411
1048524
994160
994781
1225350
1069013
990774
979142
974222
956439
901224
1032964
1019739
996194
1007536
978871
1145313
945909
986967
958011
954159
1097667
956128
1032443
1062290
1088760
1050648
1085665
1007306
1059294
1609491
1178902
2105909
910211
1905504
2223053
1785290
1644307
1189612
1930712
1427674
1172955
977548
1139382
1295855
1083461
964173
943094
947171
1007967
1043415
993799
950668
956649
1087628
1196175
934537
1051530
1454756
1054596
1002336
1000773
672028
982529
940208
986926
1020321
962300
1007035
969974
1034758
1138335
681667
985243
984573
992999
968121
976597
884041
980775
993139
998609
1373171
968321
970786
997116
1142653
1131171
522163
1027934
1006765
1259535
1002376
1042172
971166
919418
999591
990804
961338
1007856
994952
1409289
1052902
987007
1009711
1022594
947763
935128
925460
967911
910231
970666
1010402
613687
1041581
957872
1270351
966268
980244
681045
1061809
928645
988129
946970
956739
967209
982057
963171
1002246
996275
1018257
1038255
1064068
1063037
950417
978260
1021853
1012215
1030710
621001
997457
957019
959555
984803
913026
950107
951259
994000
949054
924698
970275
958934
956789
1116182
949256
1001494
983230
583640
950518
920861
881266
944375
916412
964965
1126361
560817
931120
967980
952681
971878
1446461
1027794
997938
985824
930780
984493
948614
919539
532593
960737
898358
1055427
975565
487788
951970
945889
935219
1300533
1112535
1086456
954626
942883
939556
893920
456849
945748
916433
1072084
993469
988490
1005211
975455
545708
991816
1542603
1016864
1016092
539185
995252
969894
980875
1002857
951209
956970
958873
965747
985084
1007345
1072324
993268
923566
1666403
1014389
1033254
963793
1019949
703818
946800
949585
966959
999089
1024107
691695
942983
963792
963913
997537
1374844
973562
939918
1036150
846529
597566
1002136
981496
1046710
1014198
1045017
1020150
1026732
1011664
982679
943705
1131431
994882
948835
948824
956569
906443
558202
894611
937562
985294
990534
614779
991134
960005
1149085
1066117
1000042
1493600
1049005
1025510
974323
1216474
1018777
1017094
982819
1002676
1007656
976496
972139
1129908
1000642
556549
974082
1120099
1061188
1056589
1004941
630038
675615
978140
990693
1078050
969554
926822
965316
988179
1001945
989942
980936
1309596
1457261
925821
965856
955568
944867
966478
962510
970275
591174
943043
1014789
974563
968652
557049
920540
1246371
1336746
1195834
1057601
1095453
949525
1012936
1088680
1071407
1061228
1049766
1089101
975736
1040148
954034
1262086
1717997
1202136
983260
1000482
900202
1098509
972339
934527
1009049
989631
967580
1043754
998148
1033175
948564
1122615
1150352
892417
985444
982618
1003317
1251695
993238
925741
648453
958603
991285
968010
1058553
575464
993939
676997
1165777
1329288
1012956
921041
933856
1221904
972700
960457
982999
932208
942212
594270
970155
928285
1121943
613917
610190
1316263
1011573
679622
952401
981717
1122875
988620
989842
979633
994161
971047
995523
1007756
1146315
999310
968471
1273602
996335
981697
980394
515580
960847
1003087
1833551
1284913
974924
977869
975225
991014
956740
1006053
1162010
1390254
1050949
954936
1186066
1044717
1044456
990975
976086
1033134
1012695
1008312
1073978
996836
950428
678550
986807
1222570
1078972
980674
1017785
1029428
981937
959474
1002917
992107
920931
958442
983420
1502812
915381
1012260
1294652
1015161
1000673
1012311
1048944
978761
998058
969434
963182
932524
981547
1098519
971187
1020270
990534
672879
1735164
1238069
1029082
1008148
987608
1009079
968221
1007436
979843
980023
973351
1013917
986766
966768
1258393
1173271
1088570
1014459
995643
999160
981226
979292
968311
962200
998108
1217055
1007596
1003178
1010601
989952
1387188
1026342
1059084
1021593
1003809
949656
967630
983951
1006474
991776
967460
989151
1059825
1016803
996585
1018096
1034597
1107997
1041761
943094
1008508
1034096
1037683
1306741
1019519
996445
1189087
1012726
1083305
991506
949315
1195443
1029223
1105512
960326
996004
562550
983019
984662
1013217
989161
938274
1458479
985173
1031611
965426
974763
1022715
927844
1047321
1013898
1025230
933315
1021823
968282
998979
997066
952912
1143705
966929
999822
664393
967300
954465
1503594
976607
1041631
988810
1000472
986346
999992
991205
1025560
1180265
939567
1016914
968552
975666
994461
1434358
1059585
1263402
976096
977339
993629
1000903
1003027
990052
1008508
983240
997536
997937
954986
978611
896204
1604641
1103734
967670
589110
982148
988099
984652
967590
936290
1034157
928085
915711
986737
946289
1029769
996505
1021152
1297086
961609
995834
973481
989221
965446
992978
1058302
1002807
958502
562078
947982
972950
986656
1009449
1105021
1237203
921862
971157
943174
1000212
991786
968862
1043364
1016523
944586
1019689
977319
1017785
990684
949656
1163513
1201545
648613
957171
987508
955076
1003679
979873
1012446
987097
979252
950226
998589
1061469
536831
1011313
1280585
1429689
1633471
1391917
1561279
1615191
1546481
1617265
1685104
1519189
1004690
945228
1396546
794621
1033285
973521
987368
951289
977138
1090178
1015281
1012024
1002196
977449
993480
927113
966428
982990
1026392
1038855
916413
1002066
976897
1010501
964354
1323341
955216
996234
575153
989963
939386
993880
965326
598047
1146105
988079
854605
976968
964053
989672
980926
710110
1008387
981767
978230
1175345
946650
953032
928646
1214154
1029698
1296676
1210783
1053213
1001184
997707
633705
1008037
970616
983750
948234
973211
725570
1039882
1038029
1359054
984512
1029954
1156048
1007285
1007706
640268
955326
573260
970936
998719
995613
996234
695703
983290
963733
1158853
1017264
981306
1387529
985073
985604
982739
975605
1084127
995583
963833
957471
1032844
981266
968802
981296
1046039
968943
558031
1161359
662781
863642
971958
939667
1168121
980274
981737
1002205
976817
971437
989471
1137142
1041696
977679
1013557
1099641
1313729
1040438
981947
707305
1005973
1030990
957200
981136
997597
560165
531661
1006093
1054906
1040689
994201
1010191
1503439
1033796
1732314
925680
960607
1017655
987097
969173
1003238
978451
1055166
972439
741951
1002366
1006453
1398028
1051249
1288430
1007145
731070
961638
967359
961318
960877
962650
1008577
998528
1076788
996394
995824
974403
1409380
1062561
1004971
973752
1243530
1091386
956378
1000944
978000
977859
986065
990503
1137087
1508538
1010681
643403
1508895
993619
977378
979312
1016332
1000883
992316
716102
1061248
978772
986686
978630
949876
962451
992217
1106173
1428441
685815
1025381
572689
603788
980705
1023877
951049
983069
1248514
1227724
962761
1022073
667790
598758
804079
1263843
1535710
1025129
993018
1111123
1028486
999009
962200
465295
987428
1005652
978020
1017956
961027
983720
952361
1420451
899280
977128
1042142
661969
959214
1010832
990042
973962
994862
950307
1000282
975806
1000623
958964
1105793
1094852
1400494
1002346
969604
967430
928716
1010130
979433
994130
1016092
988429
970836
1002396
985734
1006564
625830
970956
1652502
976106
1017154
1043485
952811
1034517
981296
1016563
984202
996946
971156
982369
996945
1040608
977278
1355708
1058202
977458
564363
904039
990363
963873
991065
938815
1099661
944326
948604
990333
903128
985003
905291
980905
1746320
1023256
1017184
1010041
993079
946830
994691
1086476
972329
593579
983621
608307
1019769
987888
955557
750537
1342142
1061974
998559
993980
951269
957671
980003
992537
1224489
984362
976768
1015932
963191
967580
967921
1032744
1545829
1057190
962851
990874
1025079
978951
796223
970846
1035098
980375
1056429
1003418
991305
942943
999631
993960
2463174
1045128
1007386
1000532
975404
1047016
1174678
1004640
883841
982558
939326
980014
978421
978811
1310392
971628
1283020
1508659
1871048
896825
1597758
1728216
1169764
971336
976297
965395
1004239
1805883
1027805
1003698
1002426
961749
1290975
997797
1123727
980254
973501
935129
1015501
954265
978951
944856
1088240
1539944
1021392
949506
1001724
940619
985954
1122855
989411
904730
702266
945358
1009870
965305
942763
1124318
1229758
1205752
990063
789401
1020380
1073461
961929
1144647
1011514
1004811
941942
1010702
1025820
975985
987848
720580
1050117
1039797
1008427
997326
579853
928225
964304
1278245
742913
1010993
491384
977469
987237
982338
974563
980605
1162010
1355678
980033
1090053
978340
1122805
1194641
1001043
986525
933991
1002527
958613
961469
960577
966758
957130
1009479
1243284
1116614
971908
523034
930509
991626
858101
1012245
971407
950207
914619
987447
963142
682778
1064049
1538185
1259626
1683591
949575
1008378
963482
1187648
979853
953754
1075044
991746
997196
916342
1009730
1111879
1463814
1853835
1574064
1426984
1356559
1501144
1209710
1112656
2499357
996244
1638641
1842333
992648
1124959
983911
955968
965466
1023196
947863
948143
940438
674112
925079
965777
503407
1031246
1065847
1059524
1383451
967199
979773
971136
960356
1308688
1144646
920631
937854
927263
918056
545417
865456
951930
982619
986746
1458584
958423
948123
926342
936831
1038961
971983
950257
705191
569123
927614
940709
894731
956008
917234
801604
475785
882458
1271989
1268938
948523
538373
922584
455005
964163
929949
650417
460806
828285
927013
960556
943554
667960
922764
938394
965606
1050708
1154926
999441
923095
951068
913778
954175
526030
949606
915521
959815
960346
705542
606292
977779
1097587
937553
888380
995222
1094361
977418
941200
568000
1126171
578841
874663
922324
971568
940428
960787
908538
988179
1041541
973050
939837
1045919
1143915
974032
994881
652190
1003938
976146
974192
971908
893779
1001435
949636
989302
1150142
942192
890824
639666
1147963
1290254
788980
929017
959314
955416
960376
934537
924889
975765
936161
912455
924428
1012485
976988
947472
978110
1241451
1058182
902606
952020
1149616
1008407
963041
948503
687698
947422
933335
948774
1071708
944967
925821
612716
925279
1016744
470244
1014099
993469
978019
931371
953854
632713
950968
940208
956419
913346
949906
941481
959244
880835
953633
992617
965346
984082
1072485
937383
970185
995012
962701
984512
948654
962460
1077789
945418
979171
950788
914599
973251
1184232
1057421
958092
967029
945919
975866
970545
969384
960025
481175
972920
907676
936311
1017665
969052
969995
921171
1129919
1254546
970446
1260197
970636
1029798
969233
984533
983280
975565
957520
609679
964895
990854
953634
974583
1208969
1315366
1004440
944897
917785
946480
932984
951289
946239
980124
947922
908457
945057
935679
948684
985203
949395
1451761
1093960
1011814
894481
961469
948243
952611
942462
923746
1024128
941871
966157
925130
945979
934957
943113
1067806
1169158
969283
493628
942061
557600
912865
976887
911043
919619
1034988
962060
915310
937172
922534
958072
918747
955467
786145
1158694
977379
945949
945659
937814
925429
947021
926592
976848
941380
952882
937884
790423
925790
910201
945758
1032994
1209961
945809
946370
911533
979091
954845
492667
924168
520059
953072
921012
941901
929216
957631
608206
928847
928074
999500
1076738
935729
963732
984743
708047
1011323
992017
964584
997286
1026532
980775
988119
956118
1003017
1019338
698107
780985
1403439
914238
1018918
579572
984332
988008
1014799
975875
1304781
969994
983470
1015401
968952
979303
970325
664774
1349285
654394
1030039
991044
509859
984993
966649
941200
1080925
991775
1012526
925610
1079042
1013267
1133375
633605
945538
1557432
700101
1024648
1010181
1076848
1006213
995593
1044466
1147352
1013357
976217
855887
979202
957049
969764
754955
1820101
1018778
1011884
986997
803127
1018837
1004150
1025761
1028696
983981
1014449
994111
960116
990163
948794
1855218
1013988
669147
994772
960617
973511
668241
956408
1043003
1025480
979503
971016
981376
980785
969193
932894
675254
1297497
972499
1025810
948844
1012976
1019008
947802
644415
1009990
578901
1009089
1017805
988280
968943
968231
969663
1236731
922775
993800
942402
956058
613777
1068081
974964
1181321
1053002
993118
941992
1003398
978230
532653
995093
988470
1222485
1293730
1007456
953584
957571
996615
1048283
1011123
981306
669103
949927
969774
987818
1025139
985334
969504
1304831
1180184
1016252
1012685
943514
1159224
995663
807004
986235
981146
970235
980655
983450
972740
980895
1128105
1318828
1040649
1050317
1004811
976216
992107
958402
1031361
974423
1025040
981907
1004269
1007796
977008
999390
1015962
1492058
980224
1066007
938775
1144486
958693
1012235
971467
1005341
1555117
1660026
1538019
965326
969043
1309490
1092141
1001024
979022
959785
548493
1235650
1126402
1013858
996926
943914
964654
998108
959094
997757
931602
1440158
967500
1025149
989932
1646711
1056789
971508
1026482
1681277
1657592
1696426
1610913
1293900
1619419
1076497
1002517
1005492
999721
792146
994431
1375009
1002616
1010441
614739
1001535
934938
998068
930029
1037453
1171598
1009960
1125751
975766
987778
942673
978941
918797
989832
1313954
980304
975705
1000873
999330
1145568
1479353
1035659
703297
753272
971337
989451
956288
1016673
1015431
1004380
978601
925620
999501
994571
638955
988981
982608
1184042
1194331
987719
964675
983660
555777
594931
968962
986897
1009399
1034998
765075
1029438
962951
998138
983651
1638336
1009189
987437
1008337
948423
1029046
962680
970896
943564
566818
946930
932092
935108
1289076
997076
985634
1090744
1024889
992888
996335
963683
979652
508968
1006223
777479
1057601
1228456
976697
995082
1003949
1018727
1013898
1514740
1069383
1089241
990914
1027724
986356
990964
952701
981807
1010541
1010571
964384
1047562
997277
527603
935980
1343404
1649998
1106834
1053723
1124568
645348
968702
992878
991235
1011604
997527
970605
996034
1048344
1029653
1109409
1316058
1050187
973631
995062
990063
1002607
1004891
953383
1059204
996405
1026422
970946
930629
981456
1003718
1481727
1071507
1029002
983220
975074
946731
976567
973982
1489176
1121042
961157
1010261
539265
969013
973221
1003939
1492438
981096
991145
1014689
943284
1026822
988209
1058404
933415
991776
984953
1019018
985494
983541
992898
1221854
1261849
1022324
959324
602025
965757
969223
1018597
986656
1034677
982488
987137
905762
792427
984512
1001455
1478807
1460898
975265
1034467
943945
976818
988980
1006804
679813
1036390
1019789
1026582
980585
1031582
999601
962610
963672
1619319
992777
1001424
960536
655586
675585
1036551
1045698
1478756
1004610
1023446
964063
1007656
949125
997797
781326
1452693
1007205
946229
1001926
934507
1001955
671417
852281
1057370
997998
963472
973401
1001194
988730
979162
1004180
1384162
1061238
1060577
704810
1018767
911733
944596
1025470
1039797
538885
1003829
986375
1035469
954525
966548
1050197
1060096
941581
948273
999049
940518
542872
969403
1005462
1076627
1014740
772965
1148454
987097
1032884
958753
977769
1143374
1252041
998639
992186
930169
946399
1000382
976797
1034216
991516
1004130
1003438
951920
985474
984282
1289076
1207756
1278100
1038114
1025841
967410
965075
1006634
965666
948994
1004570
948744
984101
562339
1022735
999581
1091942
980424
1371704
1048845
1002275
1531663
1980947
1728276
966548
992407
984823
960927
999781
977669
1360372
1022404
1075294
939757
984352
808507
1085995
979753
970806
947592
533805
945668
1034857
944416
1006333
1066668
1018266
1028165
1335369
1030429
991064
1003828
976818
640147
970355
997597
1022254
985043
1008578
943865
1013217
1146190
994401
1071077
550647
1126211
957070
1026873
976266
1019228
1023166
973882
991605
957932
997307
1007246
1352206
966989
978601
586535
1439016
982969
966537
965797
1155588
997747
956800
992397
1010551
994932
854394
991716
1013618
930690
1013207
999901
1568913
1028586
1029137
1146671
1021392
968752
956228
1015902
979633
978531
990744
1011173
983360
978080
1022103
1277479
1189131
1039857
1080434
986205
992918
1013187
974523
985875
1078406
991906
1000161
1238144
999540
953984
1056830
1502802
996805
985885
1289161
1017304
967179
1006694
944807
1024268
922595
981246
980224
926352
1010261
984572
1057932
1189333
1180505
1055678
1103539
982398
969794
938815
1003588
1005332
795082
988119
974673
981897
974553
1022083
1482408
1042492
985645
932412
987888
992597
1007957
963112
962831
720108
991074
925360
977569
978191
986466
1003368
1496375
667048
1268923
950948
987718
1014479
987679
1013427
964605
996004
992377
978550
1103889
999681
992037
1006594
1499923
925179
1028826
981055
989281
951309
980244
1015030
936701
981656
949114
1074392
1009469
991957
990463
946490
1519399
1031602
1014149
1086707
1017134
1061219
1003769
1014309
1012335
1074498
988991
1033195
1032323
1007015
1054526
1357241
966588
965826
1140679
982879
973191
657179
952562
996365
989412
991435
1012585
1082318
997076
1002276
981166
771487
760316
1001524
1063933
1170656
989161
973872
565606
1000522
1002095
961488
1010902
1030690
983049
986466
973822
839958
956899
1013528
1012967
1021643
838865
1009851
995723
696524
609709
966628
1014860
963251
1112566
1010401
960006
1038635
997226
1011994
1029572
1008718
989421
998609
970075
963111
997226
999741
939377
1259806
955016
644285
985053
1126582
998279
2122141
1379609
1375626
1701947
1126402
1071618
1570556
1614550
1656390
9713505
1672159
1591527
1700583
11347929
1664385
1615312
11717782
1677349
1640018
934356
1645118
9934121
1721954
1022274
991696
990754
984732
997467
1209129
746119
1020892
1076958
1166728
1132063
986005
1086787
531480
953192
926201
947441
1053293
986315
1002426
958693
932132
925390
957841
928666
1221307
1099470
942342
958262
950407
959554
962169
920320
528606
616993
550487
1566970
1001444
968752
925921
959675
967339
1203740
985644
988058
985734
966137
515871
1022704
1005772
988540
1071497
1654636
989561
1010652
984943
1012145
989401
619778
774578
1030259
988019
938986
667039
1035239
959295
978060
956068
1085434
1001675
908718
959876
954905
1062571
759925
932874
936331
979844
919278
1016092
634026
967359
1013507
938064
934818
1092347
1305773
476015
961158
958132
1062871
935869
966467
952972
967419
981706
947632
974443
1089953
743243
981375
1036656
664985
1005502
876487
979522
931421
923125
824197
893529
929287
925420
951780
689962
942131
940759
1025530
943745
949856
995924
1003599
883841
1004090
934958
929898
943293
908798
1034713
946971
758633
916613
921212
463241
937312
931501
936601
940068
929107
994240
1061909
1000052
913246
934327
1051840
582878
931731
939967
914740
914479
937853
896695
1085394
1079072
1016182
942723
1577530
1040098
515280
987768
1019418
903829
927384
926892
932403
923366
903137
948934
1167245
1082688
962130
974884
976176
1004911
692657
958723
781606
939065
960086
953923
989351
964143
982127
959044
1271282
1053564
990884
1001274
978962
1127123
1074032
718045
980304
979412
975946
936280
956439
974022
944015
1160447
970115
983751
989060
1009740
981547
983720
1100452
986566
1202482
967209
976987
561848
961077
959494
978461
620460
1017955
993680
927544
975435
975375
954675
969623
1113487
1111889
927434
958112
927935
913637
944496
944556
917615
953493
1150047
964133
900372
930640
923106
906353
704189
1093950
1038474
955396
920591
934887
952281
953704
929467
914960
932202
1201990
1011173
942402
928946
953143
941310
1368563
1010381
985665
941771
611763
966347
1028966
487176
972630
995522
1222605
961148
999711
989561
963582
942593
979192
1058262
678851
1067129
983831
1009710
994531
759313
1003648
975966
1012275
1110321
1008838
898559
999291
998900
967570
1039947
1060116
1428326
1014910
1010081
989171
962680
501293
986565
967639
1313803
1017555
1529418
1560016
1904396
1862868
1533136
1697909
1708248
1021533
840628
1024969
631631
1021492
985434
996645
943254
1036311
1998891
1074032
973702
984793
977389
991656
1017425
1000753
975515
1036862
1005361
974443
1010201
961548
986526
1528256
625600
717183
1028446
1227754
1010882
989131
991716
606774
564273
968041
988159
662330
699060
1172329
1012365
1015471
742982
976216
1010052
1046630
972098
999531
1080931
1009369
969764
1122495
989061
1026592
713366
637743
984522
968291
963051
1280745
1165917
1014198
1021722
944777
1019679
996064
956700
1054265
1013517
1007836
933344
1018247
960316
989100
1017475
1563794
992978
971858
986597
995753
914670
961458
1018647
962200
968071
526702
532433
986095
952011
1022886
1151650
1046751
1054495
486956
964474
526681
942372
999420
1005833
1078852
1017114
982338
968021
972470
994261
963692
971788
1010091
1025731
1189041
1049325
983119
1003548
1003809
961107
1056439
974463
950207
938054
974342
1037373
1005793
1145312
992197
1363484
1007155
1005192
979102
1003589
574723
1047933
984592
1003158
1121803
997437
964184
985944
974033
988951
616773
1184863
1105823
968532
983260
969965
927534
986986
1347402
1259806
993309
1001925
927624
959254
985064
998960
1016914
1741822
1065571
1016563
1009851
1059510
988740
987778
502816
1023666
1022995
979402
1048724
638394
986115
1129307
1024568
1551070
966388
826712
1043094
994160
982699
1232233
995954
983691
1015141
975585
1063362
1001214
1008738
594621
1005953
1501104
990864
1016392
983781
941540
967470
675755
1037653
1005863
1021953
1009379
984542
980364
735518
1025631
992587
1531963
1052552
1044145
997076
1010402
1220711
977098
955597
1064374
1006614
994511
986736
1010020
1211470
1021201
1044000
1046901
995503
1014590
955537
985614
1003247
982389
1021593
933194
956449
938554
978321
1022164
1085014
1025179
1493350
997366
972599
598227
984011
548584
1023556
992317
951289
1056769
727784
1055342
1023236
1558499
1226888
1015522
984332
1069729
1042722
984973
945919
633866
932793
988940
966287
954144
942292
960477
1011604
1169525
966208
947231
1416193
1020501
979843
997617
983030
1126903
999802
957030
1012385
488579
971858
993009
620339
520099
1017415
984262
1037117
1043063
1191922
1035008
978330
1014288
1344010
1004891
969013
1019238
1011804
986366
970646
983280
988360
1080404
704650
900723
1026011
981998
1000342
718115
970806
921953
1118883
989191
1013988
503818
1021212
985323
1016022
952121
986856
987929
1466328
1003338
1592859
1133185
1783231
1608960
1695033
1725431
1826312
1466810
953143
1461559
1069925
1008729
1002617
544114
988350
976036
969073
973612
1019699
958774
701765
1010331
571006
1064654
982789
1060828
1274074
859635
1013457
1005783
982038
1010272
982518
993990
963091
1044897
1011854
1023256
1026652
970876
982408
1023847
1595674
1146339
1241941
977910
651018
1007907
972549
979512
953674
973321
1188761
919809
962200
1003709
1028496
715811
1316022
1071978
998329
996124
931672
676587
982058
1019118
949776
978571
1048253
989291
983671
1015421
961408
1124393
1105542
1024398
1025059
933095
610240
978300
977579
1174173
1008538
975404
970215
961598
986957
969324
934988
1021713
1047703
1022555
975024
1035960
932493
990644
940829
992387
956469
601173
1011984
994871
985343
986967
994461
972029
1221122
1053624
991275
891576
1015350
967440
632522
947041
598288
968000
1053533
993299
918537
988259
987357
947672
1038756
1174433
800713
1219449
1002767
969253
944396
975124
1015440
988199
1004731
990343
981206
1050037
995493
970766
996995
1220641
1626322
1019959
982959
969053
1010492
935058
1041711
1139016
976256
975645
1015631
991195
960436
974573
1147727
1236581
970145
935739
979943
950016
974383
1007266
1021893
1000182
968472
957521
979994
968962
973512
642332
1088621
1463994
973812
1215357
988109
987027
990263
1077579
984242
1006203
978060
997316
1023576
962741
991265
1051545
1502418
1046841
988170
770525
940649
1040739
966047
980284
974082
988389
956369
960136
987749
992918
973581
1092196
1177830
933555
992697
997767
979523
1001675
968322
986346
1212946
990093
981526
995684
954044
962881
1050006
1199190
1187739
1004119
728305
1224844
963563
1085324
1000383
945398
998939
975535
1004851
696314
1008448
981316
984091
1013688
1187138
977118
1058853
990804
980014
1179764
959495
913457
623045
591695
965175
988179
929196
992978
1197672
1074293
1420110
1087939
984692
966949
952431
985905
999460
1012776
870736
981006
962190
916754
996174
1178922
983791
1005211
1531362
1036041
1000532
1003278
947091
1137513
552761
949526
946409
993920
972379
995523
1014439
976136
1087975
1011123
695262
1108483
1013828
998870
930078
965977
1026782
1004380
996785
612174
968882
989231
1002316
1101760
1021363
995884
1062360
1272896
998378
1008398
980585
655457
997968
987989
975705
994902
1021091
987528
974153
988149
651649
678901
960847
964595
1633511
1090533
998098
986776
988951
1059164
686881
1007156
987678
934497
979743
1123477
1235329
947411
950447
1394311
1017715
1009149
1029748
1151981
646930
981506
1004360
562970
567640
973611
1023697
1004740
1009449
987749
1209590
1165637
1145719
995884
974974
972619
976086
972369
1009600
990664
2353756
1006173
990483
592787
965315
975334
1192758
1155156
1019268
1003498
1390509
980265
998448
1025520
990183
1004560
568972
991234
1053744
974523
1027414
1028165
1367250
1038595
1000712
1260607
1107476
949105
1020280
963112
991535
946310
611653
1082949
924147
989632
931501
987137
1353794
993069
981466
996565
789672
960436
948544
1000864
986205
984713
1003548
1216653
986295
987488
952011
993569
1368944
1004851
1080104
1010031
956419
962721
1002968
998519
1021938
1031817
1730390
1022475
977940
979022
989041
1499301
1001675
1025850
1032042
941901
1008628
674933
567690
982408
972048
1630440
1131592
1028296
596675
1015351
1668994
1785836
1555969
1616374
1610462
1723557
1629498
1697928
1714891
1970437
2933900
2321123
1438151
1018066
1784549
1136922
1112816
916142
1423688
790062
893198
1311745
1844007
1243385
953773
936701
971718
933175
973031
1023787
963472
971908
932533
966398
966959
979573
974373
1019289
997327
948343
966819
1270676
931211
967750
867500
945227
1025220
963222
975996
915882
851760
915431
772348
918957
1174954
965866
951990
940268
956418
895593
944656
929989
911834
504319
925310
959525
932483
493458
1013057
539706
932062
892588
1540539
621432
1082528
961799
996836
631090
620159
962951
1015672
939627
962390
914089
896074
918346
956218
917505
964204
1310598
1104591
954104
950036
950357
958903
961709
594751
943574
946961
935028
947301
946930
953844
956689
925490
963572
1320140
1128105
1024298
960035
810010
951259
948995
935489
959444
973972
950868
948473
938154
956249
611944
964173
964905
1191386
1129728
978320
641991
973200
966167
968442
941229
951009
949986
912175
957350
957331
934186
980535
954334
954876
1101986
943484
616642
979202
765716
982448
930720
961048
1193505
965817
991134
930029
949005
930078
946319
764815
952592
942913
996535
977239
953393
893820
949345
936170
1033405
989230
952131
971798
928085
948964
920210
1146330
1061448
645447
946079
1305522
937793
910281
893929
931001
954705
1695905
1361098
915821
947993
575625
925851
965647
508917
983691
970465
1221483
1176397
538865
947201
939737
941090
1025841
919309
945779
966568
911293
892036
917875
946730
924488
1024418
693368
1163332
1149435
1100923
1012916
999922
1178752
956378
1016693
1014970
1007706
1161213
1019469
946510
518120
996766
950227
1019699
983550
974534
752040
975636
965226
1175646
974392
937663
946239
951519
976307
978360
561778
641670
1043605
970125
1101975
913787
961909
995132
962881
506964
991705
985885
536550
918848
1005301
958172
974854
957010
996896
1150027
1002897
1020391
986886
1026933
1072780
965065
969343
1004210
971387
966177
1005151
975565
983400
970225
1605593
1183381
977569
1051178
1006865
1016983
796524
1070607
1041250
516563
985965
997897
936661
959615
954825
1002266
1167996
1130420
946880
963061
884663
1061599
936811
929768
950598
987248
933064
659274
971548
952992
967099
818436
934086
1171147
979303
925700
480734
949876
960136
906404
989512
976688
942362
926492
932944
929658
924558
915140
956659
962881
1308884
771026
981617
995333
1583662
990754
1023136
1002987
1008178
999421
989581
1043003
943925
1003368
972490
1232554
1178320
943194
940789
931301
1209049
1046730
986135
1154735
914820
1021652
644255
956829
988269
991546
954886
1073692
986225
954566
964193
955808
1536382
982288
1022674
923908
988700
990925
996956
990654
988440
997957
1000462
986667
1008698
1020821
969183
909970
1403979
1047342
1018096
1304430
582077
1007405
970055
999500
597527
987859
950788
1106234
633886
985875
962991
1047582
1513268
991776
1016974
1012556
930630
991546
984001
958924
963081
989572
996435
1449407
1000773
785584
970225
660456
1424699
993239
1010902
970305
1009760
975525
1006494
1507236
1041190
981045
994461
972199
1019538
493218
1009229
953864
1582018
1009129
685934
986185
1001464
673641
980204
991535
974594
1004229
973882
980745
960276
984602
1018998
1031311
1485365
1032152
1083717
1008988
527504
999961
961078
971527
957090
1039416
964334
1011714
976036
1189137
978230
1006784
1410572
1000994
1093961
1004170
992617
986786
967550
985815
987708
1188570
990704
996495
737532
1008648
996004
899250
1368943
1122529
965285
1009730
1016703
1003268
861819
988029
946820
1598781
970696
1118688
937222
669273
965997
859895
1359575
1029197
964955
991356
687908
991445
992929
1042602
943274
1075025
942081
1007996
981095
1013697
938404
644746
1445378
1140409
659073
992688
692777
988519
973892
1012114
985193
1024148
1008137
980905
955477
491505
972008
510190
996465
1440420
1053814
1008337
1003588
1591417
1637564
1716694
1618037
1691376
1705463
1513127
1220070
1250738
1041941
1008127
1013778
942863
993178
953063
1010682
1097212
956018
972469
963432
995333
963673
973661
1004901
1056208
992958
1039046
985003
976958
978161
979142
953282
1053022
977018
996835
949435
999220
937403
547220
810051
1002917
1195614
993569
996094
966368
1082689
974283
977939
1071197
958854
978901
1002646
990293
973661
992768
1011073
987117
1059225
980765
959224
985745
965225
990253
961098
781476
1006925
600822
1009670
1021092
708908
959465
949345
928786
1340864
1048394
1024458
998849
951590
996665
977659
718847
955727
958102
999992
943855
600362
1000322
977839
1100874
1045017
1144677
1012816
988459
998469
964354
965916
1314910
990484
985945
997136
948043
993209
967519
985103
1063462
1550037
1022425
1010963
576997
930710
969754
995423
1118824
1008368
1003088
971106
955186
930880
980945
903117
1041510
1343655
992247
1040048
978040
976887
975685
941290
1765542
997226
994561
957711
1033005
995052
877409
1151861
1632694
1090503
1091806
983580
983450
996335
1063472
1024188
1023336
1008728
1090434
1005622
974743
993719
1213909
859314
1328887
1030620
983650
996064
976877
988380
1068892
1016673
994742
980595
923487
958713
954485
984863
963722
1237043
1231191
993980
945428
986115
962140
1154104
1015701
966458
1041951
640368
649385
962851
991175
1006453
978521
975655
1517055
988350
1013307
1022024
975185
1211674
997577
999471
975245
854936
980284
1003729
973952
1047061
840468
1063973
1405803
1012184
997997
992017
1132864
998159
1004730
935078
615370
959314
978480
1005623
1018246
982899
955477
979182
1561649
974213
566236
960367
1136882
968862
1008097
990914
903117
1059104
976627
1018667
1075656
980525
994811
987568
1074253
1008658
1009790
985825
992317
1025289
987217
962049
1230455
1002877
1038585
1801009
967570
960367
956789
1472840
991656
997908
983520
972329
585854
985494
1009289
1013437
976497
1005472
981316
989181
944346
711082
976236
1401745
1174663
563201
1213899
959214
988910
622634
1010262
988990
1016403
969323
1007546
613116
1036250
1195273
948354
610200
1457301
1019188
1060246
939496
558482
992307
1013888
956429
990915
990984
982779
1015011
972689
1435259
969193
1018327
1474293
1118648
1024649
949605
960516
942292
964534
971127
991976
956619
555878
980554
917865
984592
992738
1041591
1522565
1043284
1101901
996645
522865
923837
532824
1002466
733835
981336
694070
998198
986736
624488
997106
942342
972730
965406
1528076
1005843
978701
989993
1029197
993639
995022
966478
1175711
1018266
1046871
1021272
974584
978831
1283982
1148594
1073612
971647
1088891
1013838
976687
1099831
1087478
1194562
1048464
1096685
985885
955116
992187
998629
1441906
1033535
983500
634747
963212
1003258
973892
997887
685604
980445
975014
633635
941090
1007295
958683
964193
1690831
569553
518506
989451
988459
1015180
1033756
949295
1027313
991826
972990
1042973
988550
953513
989922
1499682
1423336
1000964
1129078
981155
980024
942963
589832
1203378
1021262
954825
983420
995974
954395
996665
960466
1472190
1452993
987628
1042552
983850
974603
764554
1030139
980575
954085
1016403
1001424
644245
1028485
981216
1125155
883650
1325831
965055
1009239
1027464
982017
761067
1064675
693940
945207
1003519
683089
991645
993149
984943
957300
1087312
1004861
1202216
1038585
987308
958763
759013
999991
962700
1008207
996625
935720
1027954
1014900
941801
1168863
961849
988991
1085204
1019068
1027534
941300
1037703
959705
931081
1002296
938886
1012335
1039637
1004540
1079082
996505
948884
1012575
1111394
969283
1025249
1358819
962340
977038
933314
974032
973662
999951
973381
1056399
959555
998840
1227604
1324518
1016112
953333
1194282
1003077
987147
703317
950317
985524
995653
934607
1001785
988099
1011483
988530
1348314
1217615
1075195
990714
1187488
985033
987368
1000883
577619
984152
913237
999210
1050307
1013838
969544
959805
1394221
797667
1032934
1009450
1185714
977750
1000232
969814
722824
979192
1000793
975565
1087703
972248
1066629
980454
1122725
1191476
1045759
637162
1064635
992367
1031762
996916
1001695
998248
1002076
944195
1198203
1015241
1005652
999040
1604662
1014269
1058583
1118898
950357
1038444
967290
467288
986936
1002917
1002416
1181837
981116
941060
633094
952241
1063412
1017725
976246
1051941
981968
1002938
983430
995483
1019469
937332
984121
1197707
948985
985094
981837
1007245
1624028
1053152
1011494
989942
973561
1006073
1002997
981847
960597
968031
703357
554665
501844
976286
931311
990413
1032904
1608609
1010822
1074552
966988
966187
969995
545467
1215166
1630772
1307977
1510712
980063
1635329
1169894
1724033
1609486
948664
1384262
988230
978050
1269729
1340044
993980
1006023
970656
985243
1027784
1404039
1415422
1110226
930970
921012
926612
911223
920460
977659
1351635
1020250
1003157
972489
951930
544275
951579
1092558
979232
1004350
899500
916803
1006313
975586
954244
512685
954836
966748
941892
934978
990364
945438
946570
482628
1095974
1226282
990053
936120
954866
965657
977519
1014299
961028
1058263
1581493
1526223
982689
976828
967830
1007155
1406334
924197
968592
964935
959905
1056038
473039
1205944
993479
974743
957020
962811
539055
1039867
970305
980334
967089
1002226
929317
986015
980775
956178
887819
1017726
927514
937302
650778
940148
920240
942973
978551
961128
1011433
575204
947156
1129768
1025380
1005242
1010832
543724
509900
997116
970636
1020040
680534
988309
976217
963081
943965
1000413
999521
1069353
1403770
1012255
540739
1083786
941801
939337
972680
948834
655737
913667
985004
960838
933014
903738
893359
905291
955648
1083270
949525
958854
957661
911513
913517
935418
929607
946590
950378
933565
986210
989071
946149
973992
961298
1397798
979413
1092803
952953
1124353
751333
1087228
948053
949385
884161
883460
908197
964224
818667
920420
481616
911583
977800
981726
923897
924148
949345
931301
935680
914038
929217
1042472
997912
956419
944206
936411
924538
962390
941710
1033094
1148764
964264
957050
950147
647892
957201
956639
1066434
897346
948924
957851
949916
963622
938294
956529
766508
1039196
1411073
970947
936190
922965
915050
934367
940258
965676
975545
927754
956680
453001
945077
664744
931621
955307
1233626
1112691
1077870
701023
945758
984462
953723
1033776
951750
978411
715451
944376
896305
950367
959374
953573
964755
1130695
1332188
1003788
988340
964213
973271
977539
1005001
1240645
959665
509750
992487
943915
983159
960106
985795
1113919
1474063
961509
1019919
977949
939827
996726
943905
1032182
958383
985815
947431
959875
971587
505732
961508
1020060
1078732
1290564
520921
957611
927814
971958
602946
955707
1013538
958172
980615
965026
982258
974713
961619
947372
1020881
924108
1011513
950758
1042833
950397
990023
626151
1083425
753593
550387
478881
950367
956058
950407
944797
944657
944225
1244101
516833
1483762
578760
957010
560546
959906
944045
916272
938174
955257
982067
948043
926833
868131
1025255
1414506
1327009
1438435
991596
1015681
949455
992337
1126923
1016633
968221
991937
935559
1007857
985314
974834
1144706
1319845
1009800
1314896
537833
1119664
995774
1023516
979623
984833
972830
538033
1022494
980805
956149
1235921
1011634
1021402
941099
1278861
997648
1503168
1276913
1050457
1044877
986276
953824
980956
967049
960857
1100383
984963
979152
1042863
1334568
990874
984372
949565
1161278
1005792
1002917
935298
712445
1006495
1016032
962470
1092503
1012325
939126
982218
1372259
987278
1034167
985845
1136672
971427
1001745
973582
1030460
966909
979613
974102
1114214
1003659
986476
1329157
1144356
1021362
811052
1083200
998829
997327
992828
981907
991425
760987
959755
992327
1183091
978501
986697
1403849
993660
838795
997847
595262
1008588
978130
991225
958132
1032473
990985
1005852
1155948
959896
878661
1012114
1515021
1128406
1010812
1167089
952902
976436
1017474
911774
971247
957771
970415
1229929
1010502
1151991
1006434
1403168
993729
992949
1119959
965165
989893
598118
959525
993770
996094
980625
1000592
1006724
1123487
975465
974523
1463312
1035079
1014359
1003308
981346
994861
1006134
986776
987989
984201
1010912
1141987
1003548
1000713
966869
990694
1406274
952201
713247
646289
966959
976497
998238
504449
955577
995012
754755
970746
1245609
1052792
1005562
982759
977659
1859831
1450498
1002326
961148
1018316
999902
1003698
956469
972079
1297817
1010912
979573
969122
964985
1156910
1304820
1406745
1007015
1000723
1024148
953102
972449
971518
972519
1001184
1000322
991966
1044677
1043714
994932
1294186
1277008
980845
976166
497866
1012415
980675
986015
959424
985845
957801
962710
981215
975686
488369
978070
1040469
1431602
1468142
1006384
973351
566698
1012656
960457
970726
988900
1036832
996675
967901
946590
1055788
1241912
1076988
1150748
992567
954495
992206
986716
1017395
968492
993389
995202
1170556
597336
1015882
1002967
978350
1033675
1484122
1030921
1122084
1661700
1519790
1527795
1595964
1337734
983450
964604
1010532
641861
946901
1268762
1358403
581405
688449
999681
946841
546048
995062
981998
954525
658782
996245
908618
933285
985024
1047162
953323
1018556
1616353
1000583
575204
1025019
530699
923656
968221
985684
939216
1077169
1042973
934467
890954
961248
998058
939306
1104450
1617626
1067140
969855
619438
951479
936962
992166
994211
1125050
990043
996134
1006204
1004751
999370
961869
1079633
1244391
981206
980224
987097
990253
617083
955227
977920
1229128
1028936
1063001
969043
1043484
982659
1021673
2815790
1952313
991386
1007746
1015742
836651
1168402
1008167
960607
971016
900703
947071
950147
713557
1062476
1140018
993950
889461
557190
990073
1007015
887257
1198164
997327
996816
958974
980454
1009610
951930
999241
1358914
1297147
1094160
1012896
929858
984102
1012685
1063371
1017806
996716
980083
990103
1011464
988530
1008067
1030830
1536050
1011313
979834
1012846
1221764
974272
1252622
960055
1042643
997878
989541
956720
955377
983159
1029418
1508128
994481
1059154
1016713
997006
929888
1321864
1718914
986727
975675
988129
594560
1014049
1139477
1011594
1376427
995564
971357
991375
968261
976006
1012906
987879
985293
994150
951129
1035189
957421
1186526
1005362
989171
1463167
937413
1005192
956028
988499
1205332
995894
984142
1024879
978801
732303
960637
982648
616913
943294
1116414
1488952
1010802
981316
1006655
964715
1035429
1008248
984111
989201
944106
1050477
1017565
1004920
1079292
987247
1263513
1034547
1001755
957801
544997
980053
1063212
1015661
982398
978220
941830
994542
992307
932253
1017444
1001404
1008267
1498148
1051369
686175
995894
983199
1152000
989622
1000934
1023536
974613
990093
972108
1238495
995292
1025660
1396746
929328
1024388
990805
990423
984101
1118663
1062981
1068121
972018
978040
973631
1194451
956509
981106
959264
1017375
1023176
966558
971307
1054626
1415487
1041205
987208
984552
985153
988500
1024799
1498083
1057381
563943
1395304
1031832
978030
999551
978791
1045779
967510
980945
993449
1034167
950046
986436
980354
1600774
1046440
610391
1509220
1040769
1070596
996615
1270075
992136
948323
990794
976056
969373
995623
560135
1121692
1012115
919609
735599
1412215
997086
1036982
948173
1047191
959465
957811
1013938
809850
974654
965956
996695
1008307
1048564
993058
989471
1411905
1316008
768792
1112901
1003448
991005
937112
975485
1014750
1012154
960747
1000522
711412
998589
991065
983139
1611564
999651
1113357
1013247
600452
991746
994792
1035159
979262
941480
962139
997857
1133655
1055818
1039642
1024468
1265297
932163
974002
969915
1311739
805272
1000232
974092
1019929
961168
1020661
1014038
979032
786385
979573
989692
1567260
1036622
1027244
1020510
1042002
1081046
1123201
974724
1201850
967540
962600
994211
975575
965486
994822
1555768
980895
999962
1148654
994111
1007285
951780
943094
984182
996184
972079
988620
1013517
1036020
960997
1083320
1343524
988911
1051379
972860
955758
975615
1235881
974934
1021222
932824
1026091
980113
974063
962781
654986
1276367
1197878
543434
1101734
985704
979182
998248
999721
1000041
992658
782668
1146961
1072229
980053
576306
936551
1008418
1489562
1041641
1064084
984082
979894
743143
980815
968763
976346
1029427
1222084
984512
1842649
960817
953544
951509
1181507
1002506
1000392
1002616
984752
1032935
954165
944266
1150308
995854
959815
988650
982749
995894
978911
996265
1159880
996695
1024478
919909
504970
983129
997537
1211394
626512
1020791
506874
993789
983039
1040429
1013147
1087368
1735801
1826794
1208388
990945
991265
1057140
975505
1007536
692167
984903
1002657
1028586
964655
1014188
1595254
991405
1029558
714619
1003618
987188
1066663
669453
1098209
1006624
960797
1013678
975145
964555
975414
996234
1265386
941821
718176
1004029
942743
1026111
1056639
976447
1019709
1045539
980915
623165
978631
1005091
998098
1003518
977179
1614721
1016543
967480
1005151
1026132
1003489
916393
1010973
1021803
969464
994931
949877
979422
1036511
995042
1649677
1591988
1842508
1418077
1584383
1423412
1250798
1069002
1057891
1104861
1348905
1337263
1496035
1315521
1100192
937072
980034
1017595
859995
1000392
1053874
975515
977960
970766
719849
981566
1049646
1043194
1152712
1019769
1010862
978831
952582
1039186
997777
989261
958442
993729
969494
982418
987658
983771
1261515
1350578
903929
968332
945979
937553
909780
970606
940389
925439
897016
909299
1134311
1127825
925230
459614
599890
1071162
1276237
1090393
1197648
1099010
955076
1018217
763152
959484
977319
972158
951961
591023
987959
934416
1115962
950617
997296
1274343
958342
970897
958132
965346
1050207
956579
964233
966107
978822
975745
985434
994982
1045608
959043
961940
1239517
926893
903308
916082
939597
1006003
942141
928416
935098
958873
942673
923937
941139
932162
1156715
961528
1174724
1156710
762069
1031271
996986
1102427
1008237
946440
939987
935959
942893
972299
946089
970405
972339
977308
980415
1249897
1012656
1031862
654945
1232444
932924
962992
942943
930639
934437
531280
952481
962981
911824
672188
958212
955187
1065787
964074
577749
633645
1014059
907616
932684
557199
971497
952972
958072
971838
937493
954175
922674
957511
891655
937472
1077539
936350
1024569
939797
939687
943674
957892
943514
886435
935819
528635
949716
1017449
976888
925600
927564
919378
870986
1004400
576416
911673
993489
917084
965036
905262
939456
920681
915812
542863
918116
964975
498438
927524
917504
891876
919088
946920
995473
1020040
990694
990504
1037062
1035128
980705
982678
937834
950508
891345
925330
985744
960717
927464
438123
930089
984211
983300
508647
1158347
604780
936752
918546
947923
942622
940799
923596
720681
932673
447411
734456
634847
1007686
955136
1041600
1068662
566567
1043514
962480
897887
922515
950988
946650
980334
907856
994310
1170841
1276948
954145
958072
893569
936380
1013487
983239
1122224
615410
972650
981316
949576
928155
937473
903829
961699
924648
916483
919558
1145723
1006514
881316
1360437
984202
953182
969664
972369
971047
976987
974904
923917
1060041
1022214
998459
969894
526602
554715
961648
1018828
991696
1024398
968591
986225
996835
985173
959324
988530
946159
1019769
944245
982718
1002817
983280
967880
946530
1390609
1131271
1027694
600101
973461
964374
937442
934046
930349
955066
907966
900583
952682
946419
951800
958923
996205
1177499
992918
980304
657721
998248
982489
986747
985925
971357
1001825
957681
1098248
1005902
978141
999360
965005
1554476
693038
1069734
999200
976036
1019960
1083781
771647
997547
1011804
971768
982678
985915
984162
1018397
992878
893760
1560207
1039206
1000242
977118
1006113
948624
986847
968842
1017936
962149
1141852
1056579
987628
973361
629638
1575516
1081036
1114269
1312661
1015672
987428
972980
992648
951259
996705
1019268
995934
928245
996504
1039036
1597583
1273181
1048404
994501
986927
982458
735909
969684
1004971
988760
1022916
981847
1032844
969464
970245
1198730
1443595
1051489
985604
983109
931691
1128125
1041100
991596
974092
975085
934006
650016
941661
896204
983430
1366314
1085794
974623
958252
992097
979092
1039827
989221
1024739
1000062
943093
1026422
632042
965967
982719
983270
1580551
1131512
1052331
990653
979022
986757
994401
1040659
979603
1004079
974423
1023235
1033455
949355
1022084
1176767
1358604
983991
1030049
1002978
989121
1001775
1069453
1006063
907045
988009
977909
1000272
955507
548634
975735
977429
1090991
1254270
1026693
947772
1007997
984903
1007556
960897
989392
1000754
1009459
991606
957641
955998
1029248
958132
1172149
1361618
1012375
999050
608006
954595
983640
1006724
935419
989763
942623
956469
1011764
1066569
993971
1008919
1061388
1384883
577888
1023055
653502
991936
916974
1108322
984382
1008137
1034226
977680
957681
968692
1221553
1110973
1012646
1295494
938134
969374
933766
987187
990894
1041821
988881
933546
1014259
971057
981647
979693
1161860
755417
958512
1518348
944847
986396
962791
1028576
995323
1034667
1007647
1075535
976948
1001785
987909
1079593
692417
951359
979843
1221047
1144652
473270
977138
983790
627403
985294
954676
997907
1001264
989511
945508
974674
1192283
1010822
988019
635418
1604441
938063
1030730
987198
985985
1189622
991355
1008758
1039687
1000973
1003418
970575
1018036
1007095
971297
1451821
1264018
533314
702801
1184924
988660
990323
988911
974844
989762
1010592
969374
1026502
977900
996004
969113
1339377
754305
1045157
1250402
967419
698418
1016523
977749
973822
705322
596334
987438
947853
1069063
686205
964364
999441
959344
1101104
988529
693910
1182965
1027414
982719
976737
992998
1008207
666658
990443
1410722
1414149
1012014
1058523
1538255
1049716
1226061
1015250
999210
737893
995183
980905
1010431
964244
1023206
627172
996014
1060587
630108
974503
1467782
1012496
1498004
1076176
972038
989983
982628
1246565
992978
1117475
967660
989011
977519
1043164
1141180
1351370
1186916
1004991
981245
614869
965777
1001554
978140
987198
963131
1055949
636921
979062
970946
989601
998910
1398970
599871
1137152
994631
972178
988440
1004400
1010311
987928
990023
1051509
996485
949656
987809
975945
990754
1507176
567900
1215742
981236
953293
1273662
1005943
1005863
735328
996946
1086867
1004791
963412
1112626
1106820
1117926
1384743
629687
980755
969153
959825
1020120
954816
966578
986126
1085103
976667
952250
970756
1006194
942772
965096
1689107
1092197
980905
971848
961318
732774
946379
958793
523396
1001885
996084
1180394
990343
584171
929106
948974
1052101
1219209
1015041
694491
999130
999611
1012155
971828
995312
979282
944196
984643
1001905
1051149
972209
610321
1401996
1240179
902797
1006985
968321
990574
1173040
977108
1001996
949466
984873
993950
998598
946691
980555
953113
705993
1500463
704590
970806
982559
1014659
960156
998589
992788
953102
955336
979713
962630
984492
972499
988329
1434698
1249436
1041570
946881
990122
999551
992457
987869
955707
991275
962921
987308
661157
1009660
1031802
1236781
1048164
1282789
1018707
1281608
1062471
1044647
988890
1173011
1011734
995203
1095157
1075436
976567
1009064
954685
1611444
991406
1026983
990794
1007346
961328
1107857
978621
1008988
983961
996425
1041525
1011714
995573
994441
1014830
1357952
1012385
962290
977379
931662
691665
972028
949886
985023
975385
1050698
1005502
536500
997757
969544
1031261
1480235
1040033
1026512
1022755
635298
1155618
999611
960537
964123
974884
988520
1004470
984802
1008988
996645
1267079
1240529
1060707
1008528
1002937
974834
1013878
943884
1123396
543694
982358
968983
996755
987277
1006243
998880
960727
1509190
1014549
1045288
994211
968351
1254131
965776
529396
785604
1007085
946259
998008
953473
982929
930059
1105702
1405001
977478
965956
995333
1003969
1716699
1002847
953143
1043374
932593
792757
1000452
1219995
965366
995713
1293269
979994
971127
971808
981165
1036671
1003799
964464
1015231
991676
991175
990313
1398269
1033746
953553
944636
1613162
1597538
1549156
1522565
1673042
1688271
1016043
998979
1231482
1015501
980575
1009780
1468864
986596
1047732
1032784
962350
971046
1018317
985143
1005291
976777
992838
991616
990554
942732
1008668
987718
1704356
993604
1376864
948023
997897
968812
987057
932623
969995
460866
961638
1031471
619327
989070
764443
992848
983400
1175715
975395
974924
987218
959425
1288470
1002726
983370
957170
1005051
1023497
958513
1007486
1004400
947942
1262772
984271
993860
1081647
986786
1012315
1010361
1272705
1012305
1014739
1769305
1601957
1258233
985564
1386015
1150527
1211974
791685
592527
991195
607886
947461
553994
976046
933245
989512
986947
1001284
1002987
1016022
968873
1278270
660896
1081938
969884
734868
968862
955577
985554
972269
957611
1143174
963652
945598
985203
1008468
978100
1058102
1150518
1179769
1002686
996064
993629
968942
971658
988580
962851
940128
972158
1254491
1002176
994631
984151
1646330
1017725
1033555
954335
1011674
968332
1000202
977298
985955
1038044
987337
1014920
1010351
982028
991495
1215040
1367971
984643
991094
1003177
969644
1010301
975685
940919
1044877
962520
1005071
971086
976637
959635
898909
1464625
1022805
1045358
976327
1050723
1002727
928776
1039817
1078982
1050658
997738
1417125
990122
950096
695262
979673
1244436
985244
1027514
979964
986535
966387
964043
1131872
1001795
1001394
1087172
1056699
1013848
990774
1024719
1285234
1155087
1623046
1035560
1600554
1407256
1047211
1486497
1379303
1773041
1331046
1125139
1789493
557059
1744822
1651089
974533
991055
1003869
970946
951650
912886
915290
928897
939767
1040078
1149797
1273081
981236
989882
940669
959344
580273
939697
941801
1003038
916032
931191
669673
1000332
980024
894541
947872
1081015
1434397
1117605
1294441
1099100
986917
965756
909729
949415
917465
537722
930710
936561
930169
935809
985364
1005181
1149896
945347
971978
970145
958382
941981
964213
1261363
733535
1129087
981046
922865
986005
1106354
944266
940949
536611
1039647
931842
906675
920861
537842
995053
998955
959966
1013528
1076131
1148634
933435
507404
1011147
1053183
890102
985915
1134428
671156
951870
959445
1018517
786475
736651
961208
958653
959464
927684
627383
965246
909489
734787
958814
958243
594526
1120080
1000523
939256
976006
973060
942984
962009
665596
970195
993369
961749
979222
1143079
1068251
960847
962189
1049215
1132393
964634
952481
962631
941651
722084
957751
904079
930951
951259
492536
1024197
988149
967840
565075
885944
946760
1069654
971066
947522
1017094
897136
920500
947411
945508
936591
926802
960727
444765
1362902
999370
927083
973290
977629
1089131
974784
971517
954105
603578
957311
933575
974714
960106
910452
953954
923516
1015281
968552
974172
1052731
1195328
956098
973842
940950
1019288
958794
950157
938926
1207952
1164304
943684
905231
954244
918888
926932
936822
950418
1015882
926512
942212
1049255
969914
963643
935139
1015562
955147
929567
932854
935940
935138
1088379
993038
566948
489822
476916
1049075
823065
968111
1055447
959504
636410
952291
941831
910361
956359
972720
927524
944656
939166
488859
928876
927944
990032
1001856
539185
966417
980074
949505
850667
951269
482277
957500
961758
942422
926351
928104
971007
996565
945939
939096
964785
1019429
1033586
1003358
996515
947432
973431
562179
980715
962310
941791
973331
1164626
977699
932984
917565
972759
947452
1140048
1157692
1210351
961559
971797
993088
989342
979012
985073
986156
958322
1042533
960577
999731
979603
1002647
1094151
1244287
998539
960246
947221
562660
954816
923306
476917
943273
928325
965476
919659
926973
970064
1021582
988830
612756
651299
1118987
1033635
965897
949906
942823
501824
699501
954886
932293
1071989
949546
939416
923556
695904
959394
925570
946329
1048990
1395269
991796
941611
943795
939126
974072
1004190
998929
990283
1007216
982900
937794
1007446
979884
1127925
1437112
1064004
973070
988690
940128
1009590
991906
981186
973511
937413
983350
982919
1032964
978431
964885
1079233
1558353
1009028
993369
989953
1010342
935279
992567
974123
996926
996505
1004641
984803
984382
765305
1175335
1273903
1158504
1035038
999230
1000012
954094
1061137
973381
1017304
1014850
485363
962891
965175
898359
1004911
969153
1090173
1573673
998038
1046991
935088
961899
991545
977148
1011523
918677
972810
1192628
974523
953503
998148
981656
1197968
1533937
1030870
965296
754345
620439
1182779
994251
992146
975805
975085
566116
975385
994741
602837
983340
998769
742903
1381036
944255
986957
949125
1012616
931472
988900
969453
1021312
916593
981016
1015982
1178821
1008017
1004049
1294151
1097327
1010812
965727
1158819
1031412
969093
725249
950788
983550
891586
976567
1013678
1199431
963282
933896
1099671
1137033
990854
963993
977348
612284
1217149
1079944
998779
1002006
975175
998198
1032935
975465
984622
969784
1498229
1050007
1010793
1141181
1003438
942562
959114
805121
948925
1049335
995513
992647
1081045
980796
974884
983971
1559736
994250
620380
991566
1265928
964093
945017
924839
950087
987689
1030860
958362
854986
990493
994130
977829
1656640
1023706
905381
1295263
1445839
1528607
1692603
1763438
1860779
1806886
1693220
1547392
1573533
1634728
872378
1606365
1637524
1637624
1522665
1598811
1733467
1128130
991215
1153073
852030
1018827
1290334
1265296
973772
1382289
1538656
1095694
1668523
1517245
1719349
969093
1082599
1706365
1119023
956208
1018127
923957
943264
928025
934066
924237
935940
965396
1041631
1065306
949826
999150
903017
939477
965736
575845
949947
945437
935098
951219
1098825
947662
921242
947502
954275
965366
1412757
951520
1002938
933656
957530
548793
934677
918897
941771
720270
1097031
1247643
1070716
581887
958603
946319
1041881
1027374
955797
981777
893198
969634
980906
968642
989822
898118
1054776
1030139
976798
960827
972349
957461
994141
1088921
961728
995884
977619
976667
956199
996886
1010792
985053
1112917
539957
687518
998258
974352
974734
981828
961258
1055888
946310
1082068
957701
511302
972450
971467
948363
969203
934587
953884
919338
961248
942242
944216
954465
919438
1077119
1238921
912385
940489
955397
980094
937804
859204
927945
973631
941100
914228
945388
918337
921873
907415
484491
941150
990985
537592
1091310
907496
992027
972770
963172
970245
992657
986927
997557
978441
977960
983280
986566
985805
1116262
1211123
474022
987849
904129
931240
1069929
947673
945307
947202
1030720
956439
973511
929799
963101
914939
974854
1053524
1382589
1015832
967460
980364
955056
988240
568371
960125
1119188
1038154
981226
993699
940218
983891
941340
954716
1039792
1079102
574813
921503
950207
952160
935800
934717
943164
960847
1067811
973963
603988
906343
960447
965556
472458
932303
1314175
999590
979914
940148
907987
905803
582678
932713
947592
945257
917635
945037
929217
770485
908879
900072
1023406
1656209
1009379
986846
934637
972910
982047
983490
950688
975695
989001
980535
987467
983971
1015150
1200363
617404
1633516
994421
968452
929267
936812
993119
979884
990714
1001534
1008427
995332
976367
995734
1001474
1234176
956810
995443
982669
965416
958232
935730
941941
961378
723155
971758
951219
952521
985174
1042623
944767
1075320
948914
928366
1455258
926532
927103
920982
509809
988841
1130209
972890
914649
470054
935018
908107
912656
921372
1067050
984262
976186
1383140
977669
989060
963032
991586
1096225
924478
975295
957371
970726
948934
915962
898067
959525
928124
902807
931762
1243554
985795
968381
1018567
980375
571367
1007095
989492
990905
970786
970877
997547
872980
1212506
1008408
1007316
1478527
1093470
1014389
998508
985363
1044306
974133
995873
953082
986997
1000964
1055196
947332
986836
1060908
1065416
1141521
1037332
996966
4191561
1447502
1255077
995853
1437700
962881
952862
952231
730609
1081106
975765
951770
980916
973200
942312
1002326
972489
963262
580895
1000132
1013276
1497528
1058784
850157
1007806
1040158
937994
1010171
980595
837352
1547458
1530470
1534048
1542263
1537023
1391621
693118
969313
1546270
965155
972570
1007195
934527
868081
979753
1012916
997907
958142
985173
894486
983239
978020
988019
1372240
977138
1026782
977538
1157982
944025
972809
979353
1014389
966728
979462
972259
998559
682067
1100602
1048884
1371569
1057020
989101
975986
994100
982889
929598
976907
1096395
966218
976477
970335
977088
994661
963332
991987
1328247
1010602
982168
1063292
953393
996585
968161
993138
1004380
977609
951590
1158884
984813
1015201
975785
1070516
1508789
1025761
1053454
962690
955447
975706
932363
968191
991335
1025630
1081277
1013017
980865
968301
1084592
1204881
1412275
1065466
965636
1015861
1022374
717705
1000082
1012025
981356
1050277
1028706
1026192
972450
980244
978881
1066709
993480
2157788
989652
1001554
941079
1004570
1001033
1078025
1012726
1015932
524888
1004390
1005092
1007916
1105402
1150538
1031532
835449
1036551
1018126
977659
1010141
978230
1612040
995403
1008909
1036150
1055127
1254025
1457802
1024068
1567641
1653424
1656359
1537092
1744488
1166628
988670
978892
982919
979413
1075315
1279633
1013117
966959
984462
1011353
1007316
985554
1102357
1011914
980023
964685
975956
969984
973782
1011173
1785906
1037243
1015691
973050
993620
975415
989662
992067
1018917
1091776
976366
685855
962390
1100318
1624002
1569224
985735
1049756
1163914
955818
1022615
1009921
989332
995663
977159
951499
983751
947983
969784
1165276
1986638
1603489
1444136
1608298
1849668
1661008
1656871
1702738
1767416
1047782
1093971
1226853
944987
982969
958723
987157
1034131
974132
996625
1033235
1007386
990423
977288
1000011
1017706
976176
1658835
968892
999961
1019359
935419
1003669
888539
977829
983029
953383
979192
987187
874193
996254
1368172
1332083
1208708
1184513
560376
1251900
1070039
1072079
887303
1318938
1450198
1761645
1767787
1457686
1604421
1554055
1593360
1608929
1600634
11302829
1572961
1737925
1662461
1658975
1672831
1679003
1640951
10283124
1664224
1605944
1662381
10213282
1637544
1668984
1631222
11880121
1654125
1625501
3110699
981346
947992
1118843
1107089
979032
1164144
1486477
1562181
1639648
1520471
1675286
1314169
711933
921813
984903
1678402
914670
983871
958513
957150
976828
947682
953443
938665
942983
925550
948234
966077
913758
945278
915621
1053734
1114339
1009399
1110687
848874
940278
1026682
524307
944537
932403
926773
927454
1360658
1046540
875545
917605
933214
919689
905081
960466
948003
578591
937542
924608
912094
505030
1056409
977158
927354
934848
935038
938164
943134
911373
940398
910642
1008227
644636
1016082
988791
975816
963682
720851
922865
961188
950788
568731
1085454
971798
661748
931080
938064
925310
1253504
1136841
935910
909309
899440
672359
903568
936040
922254
941470
992507
981777
958253
937984
926101
923146
950708
916934
929056
1170486
955607
940348
934527
905001
595322
951820
927925
989462
950668
998524
676547
934276
921632
956298
947312
1143695
1086912
1151454
972069
972499
932884
967741
971327
971687
929979
978310
948624
938154
987999
950417
997076
1047792
1016323
1047392
950578
937323
1027454
1005452
978110
1007005
986826
1027203
992788
974383
946811
937132
868411
759765
1011984
1193855
973812
965827
946499
492847
994141
975806
632323
1029418
1068772
937593
929217
942542
928937
918216
915901
997618
1132002
995894
907345
935800
943745
911504
925380
938435
1023777
631120
976477
937903
969354
935149
811212
939296
965145
1009349
920671
920440
935288
919188
572448
943874
924187
858903
997817
922915
943374
927724
996184
952621
945147
946199
1237954
951019
978330
932033
941340
929908
911363
904460
930700
1375751
686325
938294
938094
506103
936160
901815
947051
737483
1146641
1007847
1004911
926883
942503
945097
962119
992187
968281
948864
937132
918477
949286
935088
957420
947232
676276
1127951
961599
945127
924098
926703
951509
935820
934157
493819
1023016
985003
994280
949055
576687
980184
1170165
975334
1297828
1009770
948985
953152
947351
914889
924278
921613
1039327
929627
942231
931401
930820
921202
938885
913517
1307111
1100983
883199
1006234
966989
932804
471196
937793
952551
547651
649495
564914
947762
965186
962851
940839
928155
916262
948994
1434503
1085915
914439
951850
941430
948894
1197196
951840
962500
989442
984993
611062
1000493
965657
997697
1053463
1522175
937473
985414
1088720
932393
990344
953052
970626
962139
1058563
972139
972459
965486
984843
1005923
1155698
1469434
956188
1095493
994331
960306
1028295
622964
958423
958883
1014349
591384
968061
1012776
994111
994972
1137844
1581828
985003
1000522
1009499
965115
1034508
1148404
923416
1025240
1023782
1030650
1004050
1220135
1038304
1146711
1447302
985093
1007616
1002607
952040
1231852
1012065
1033505
1012355
977409
1042578
1015641
1367480
797462
1040359
1314720
1029367
1008077
969614
1110952
927624
948714
993609
647020
993930
944235
974914
1039327
981687
988379
1147272
1360698
1030860
967841
977258
1024167
967961
981226
1014790
991866
956819
994261
957802
1071738
562109
941921
941411
750558
1008838
1082569
992467
993990
997867
964854
1129388
979713
962019
986677
1006433
991886
999741
1019799
992487
993990
1022053
1274023
974614
618145
499409
972128
997637
1009350
986356
975906
937693
992577
999340
1010702
986255
1022214
948424
1092367
1068522
1503298
1353403
1008658
989301
990804
979292
956900
1011504
967109
1059890
634306
990313
586074
1078130
1523998
1057421
1218236
980655
996535
961278
948744
939968
1014689
1145148
1007416
993218
979082
580463
974744
1269685
1259526
1405142
956068
978320
954575
598908
992758
979011
955998
1134317
989782
934637
465545
969363
972469
949876
1503790
991897
955046
984482
974483
989391
1026211
485684
940929
1040518
986376
996695
1009830
613847
501213
1061138
1051960
1641592
1027323
1008057
998409
961939
1012185
987287
997597
994351
1026171
952351
947171
963622
961238
1024529
1071578
1525912
952621
1030820
989111
973942
1012014
997126
979422
1083441
1001514
980405
991636
969453
995242
1008698
1282999
756639
978210
1124397
1004480
925500
1037633
1001765
992707
947852
957270
877188
1001434
653262
988921
1019058
902155
1582389
1045689
1126051
1034968
980244
1028696
962039
1113488
1054135
1015020
800532
996976
964855
975215
1634248
1565197
1655698
1090073
1457081
996555
928426
998709
1006704
1053424
996725
1034467
659283
948363
1037282
1418528
1596435
1397588
1371879
1028005
985875
996885
935559
622814
989592
994350
989091
956279
992127
974784
1555959
1045338
953302
1014900
979593
978561
1188801
989111
999260
1063763
979813
1065897
1006714
988280
1280575
1379493
1161568
1047702
978782
586575
910081
1192212
1735100
1434021
1797168
1533686
977710
978611
1252211
1144377
935329
983280
998149
522243
1153513
948694
980675
969864
1010582
983029
929187
974564
1003588
970425
1010952
1393369
952541
1020991
972590
962470
1515562
983791
987609
1012545
980555
975355
980755
982899
983360
609048
1109741
1275987
1003949
1022284
969183
1029898
987027
634918
995353
978731
961238
1044185
970856
1006775
1161193
988911
995022
1070014
561789
978982
964434
1008338
991445
1029107
993960
914459
709930
957320
946340
969293
1171463
995653
1010812
1481087
995493
950477
1040809
942672
1918979
1114771
1246310
758112
958703
1008087
670856
1024839
977279
1002677
1464004
1142733
1018247
1022494
804059
996746
490934
998198
985915
1032684
645708
997136
993139
1316823
1042092
914930
971256
1491316
1040248
982549
1026272
991645
1037864
941240
984232
967520
972840
974353
1141997
979052
957130
982739
1014379
1057511
983250
979121
1035378
951329
1011483
1030900
1121993
813457
969223
980384
1196680
1013067
994431
948193
1300888
1271107
1052291
1036801
590503
1003568
989371
965836
983400
1069348
1005472
995042
1224659
956108
994051
998318
1404050
1002927
1225450
928245
1732445
1639758
1426502
580053
999341
704850
961539
1038926
988610
993870
1159325
1212095
971668
1347627
985474
735438
998740
966568
985444
1021963
965916
976978
1042482
985173
965896
976487
923767
970736
1025611
988600
1210827
972029
977368
858472
967670
631441
982057
996475
1013217
969915
981206
980184
972309
1295614
882218
1442834
944205
1062991
1000181
1036761
942462
972840
969724
1060091
983691
979422
989983
996935
995803
1253183
1034367
978772
1007737
962440
978191
1070846
1029448
985885
1149356
989602
1102717
997858
914720
1010101
1164795
1275370
1098088
905842
982037
972039
1003939
960386
971328
979152
1039928
1015151
1020451
958944
978561
674332
1281217
1161619
1252461
991907
1005622
1033545
975905
989822
989271
941079
960296
867680
991065
936310
968232
1034958
1911650
963162
975414
603677
597666
954105
1005132
990363
1009119
1025339
987968
970224
960486
985324
973902
967630
1230329
1351550
1028476
984822
978802
989481
960427
999631
969203
1054495
963663
962070
1030179
997807
972480
1012846
1570005
957371
987407
940498
1010872
999110
999611
1076277
1028586
1043324
971217
946720
1055768
955246
1010913
1113057
1266669
1003649
969844
983259
952501
964454
602336
1162907
1187493
589171
1048073
977909
1063166
992367
996384
979663
1522902
994431
697597
974363
982749
1000663
960526
1030359
1014379
981496
1127188
1032163
1019669
1026492
947322
1103699
1224017
979743
1035199
1005191
1007836
955367
981847
999491
997447
978911
1000322
993148
984863
1025830
955967
1868358
1063432
1003278
970495
992808
943083
959946
1268787
1012745
994982
980585
997897
992878
953784
949436
1294932
1368934
1020340
1023266
976146
966989
988830
1003258
978982
1270662
922895
953734
491756
1024839
1004159
937313
1030850
1247993
971567
991085
973300
984673
998879
1582780
945668
975004
1251345
958673
974363
809639
669413
1020039
1126933
1326286
986436
993279
988970
986767
987648
1183180
993389
1006775
1006714
1030149
965636
1002737
1043975
1026172
1132424
991615
939857
972239
958733
883400
1043815
965105
936280
996595
975815
1008628
918085
1034407
1187943
1410402
995984
1043434
1004170
942793
987037
993890
1025099
957571
571687
1003769
1024318
545547
964595
1011193
966718
1005021
1659471
986786
978350
983540
953262
490543
1000753
997116
988550
1035950
950046
971077
634587
1010381
972960
1045087
964224
1079062
1029127
1120401
1432434
1670081
1797083
1161488
1371607
1322611
1123036
1043274
963843
1524429
1403750
537822
1040158
1030260
2354402
766056
966217
568812
985534
974624
965866
990594
956429
762791
1456509
1012515
965717
1022154
1393611
1109209
1193479
1009830
1058944
976397
950247
972690
976727
998249
1023647
1081106
1160417
1052050
1356485
927103
943233
1167631
919558
918366
925420
910612
936361
977308
945949
1076913
988169
1052932
1035549
982208
1013657
978431
974954
1163512
959515
579031
932233
929086
1273001
976066
962941
1047161
971368
1121092
1106855
987679
983120
986757
921803
969894
987057
1267029
951870
957331
953664
961077
942934
951500
961588
524317
1292223
980931
993289
939336
939487
951499
968241
952061
941530
924207
927533
966829
927183
950297
983680
951560
515470
1068142
1002126
976617
970115
938665
573220
1320827
953323
942101
948974
933976
917825
934507
941040
1051279
928425
948494
1351029
1066659
949115
950458
961027
946630
1163157
975976
937703
971968
972810
954565
970055
963442
910060
525719
949966
1088991
1099190
1035679
1016473
1009189
957250
970194
911043
950948
984512
1023677
1096821
1232173
1000312
999996
1148554
714990
975605
976537
950548
968762
978070
969544
967180
971438
970165
969063
1064915
967750
973120
1248490
1136732
540869
1097877
990914
900402
950938
942442
996194
927073
951068
971587
949666
957230
955396
945097
985834
919358
949495
1258673
1001815
995553
1015841
937793
947942
937382
953934
946210
952442
926912
950207
953493
992487
965166
927805
1071828
1157311
1067290
1030710
921542
963863
946420
947121
915101
563972
525189
950999
935529
1066894
1056740
958262
955207
939276
1085574
471757
876537
868081
998729
936892
939316
931120
950247
945999
927905
1027199
928275
984752
948614
929929
947051
1112886
980164
1283611
944165
973301
1113392
1516324
954565
975525
950578
947292
969604
910391
949074
1042172
934978
1466930
626501
955597
945478
966969
947331
699660
959234
982960
1171102
1117705
549795
997367
952030
944667
1192964
990103
1016764
940017
933675
474132
892928
925259
954746
931512
920611
1000242
941541
927484
944737
1181171
882478
903858
948153
1052862
528274
956679
925480
981326
946881
936471
943284
953002
931291
985654
930549
961819
890313
897406
944426
943514
1150178
1062280
1011603
746941
992758
973972
956980
758823
974613
979262
498378
983541
635469
984312
932704
994381
969904
973200
1436962
970135
1020571
1006033
923997
1014439
989862
1059094
993149
1016764
988730
987127
1003909
1005702
993039
1059194
1251560
976187
1034337
978540
1006153
1047056
953023
1001790
972670
932523
937323
1010201
992006
936181
1006109
1113623
1004240
966789
881867
958893
926151
943083
923657
913518
733073
948484
915000
938064
933665
909890
927694
936350
978511
825390
1109740
937853
964004
948744
939527
896554
900723
965656
933696
968631
937452
974984
917164
963842
943884
1021217
943334
982278
513286
960736
965616
969954
989281
982879
1069384
956909
1008718
967740
986305
981266
955537
676576
1019799
997267
959555
971928
609559
986225
925741
942934
996966
1008938
956479
967429
968682
953102
987813
941640
950076
947973
995584
1124168
488679
851599
973241
950057
956800
932985
1174503
1003318
1024778
996214
593358
605041
967630
966278
983921
964765
810071
1191085
973721
986606
992287
1064474
1341417
972620
989702
613186
938094
990895
968712
1017675
846410
946139
888339
1411764
705341
927053
957130
887207
944446
1023947
952651
649335
977308
946861
928886
934547
949626
919278
962350
975495
934346
986375
952922
950327
932513
939777
981596
970085
963121
939907
953433
905742
948063
904180
987959
956338
954666
1395644
1030870
994481
952080
916783
1238940
960837
935259
997257
986726
956358
956319
934217
938434
974603
977549
1038826
942222
1044236
975024
689421
1094030
1002135
952882
930208
973130
951970
955918
511974
1004480
967340
952271
991275
1040168
1530561
1145829
958523
1077470
994932
964574
949195
741510
990384
946430
981777
989863
1044216
968442
971808
1100192
996735
989251
1075235
979473
984231
944266
1038510
987427
949055
926071
762550
948814
1040128
901495
929267
961228
1049336
947321
950658
953353
943414
903828
943654
916463
1100012
1095082
971457
547682
975185
969143
951238
985114
1031772
1230360
965776
961779
490843
1001094
981928
948273
971748
957761
1057822
1033876
907556
931662
975445
969363
772830
973541
949535
1067800
1027554
1146746
1054615
930079
915391
943063
931732
1000312
927274
946450
1007596
921141
741380
942362
1078120
1162300
978721
1176336
946650
960166
967951
922204
932754
948393
973391
988459
1019489
653413
955227
986957
991986
815441
1082299
996395
1020140
1042001
1017414
929618
997216
990533
1023076
984331
978530
990694
993119
981205
1001405
1333235
1165867
896785
1062029
1007966
1002706
963652
1006484
993660
527373
1013918
960717
662139
1269659
1015130
997246
1145794
1322795
1006164
1680235
1685184
1662271
1598840
1716975
1037362
1010982
990835
736640
930279
1497869
943464
1033896
1030950
1012585
984032
977369
584432
961919
540228
985043
970816
1063657
1004349
875495
1004760
711112
996224
1121012
1035599
1088575
975495
947512
984902
996525
1024879
872509
986777
1035409
980234
1020801
968242
997296
967670
889712
1371279
963542
1182899
1010221
965646
988951
1028085
978181
1007887
954565
1017024
1030991
1027754
1263783
1243776
1017635
1063603
982899
637563
998509
944246
1011223
989191
956218
1017054
950448
1037813
957902
963923
1122014
1279834
947592
1054906
985694
593147
512815
985704
988289
955858
985293
978571
999361
1115260
959374
1007947
951750
1457341
1056960
1031412
971558
1184081
945588
1023646
987467
939747
976046
999731
1021092
687758
963782
997216
1005112
1394071
1187048
568721
968431
1102436
1009049
950367
929207
995543
964073
994451
1000553
998949
945989
958382
960657
1104240
1007125
950788
1067670
1089632
992206
989692
1012936
619198
952652
970505
1011373
1001575
1153043
979292
571416
975285
1397708
1115942
958542
1030379
1004040
947742
1020491
963342
1028897
953654
998890
1080310
985044
985123
993349
1009139
1194195
961238
1026112
916773
1155156
962511
969984
995934
1027084
1000653
998919
967359
1064079
980024
962150
977519
1297257
1036621
979463
985895
980434
1003218
969494
994632
980715
968441
966779
1048774
1031722
978501
968061
993429
1517239
601914
960677
1819280
1628502
981617
963012
963613
959485
954104
937773
1110100
1007356
1128316
1303819
1199551
964113
953413
986376
929237
1020621
947813
988720
706353
1119008
1708058
1603489
1639167
937904
2531820
1176887
994791
990864
996986
1022403
989612
1000352
1043494
952541
1010211
995233
981276
1552241
1336281
1000783
1010952
983360
963843
1649276
1170176
1586577
1374203
1376297
559765
991406
586525
1002586
693699
989541
1004370
667269
1000873
965967
988830
1035569
997997
955217
971017
953583
592647
937703
1413027
1161830
657310
1032263
993620
986155
995323
994451
953473
972419
967880
957992
969083
966678
1008759
960336
1059084
980504
900903
587397
1014870
1050928
1086166
1038636
1115141
1288416
987718
922825
931822
947973
941871
937031
962010
1245208
959504
1041861
1485855
936541
948033
926131
1009019
992738
919518
914419
932754
1189922
971668
959184
1183170
915782
938455
900713
1107726
969353
959284
903558
1225741
1019234
1021903
984222
938965
972800
967059
961779
1044326
950307
950217
927995
1134908
1147923
567339
1060497
1250077
1004711
1065336
967671
957260
961248
974252
971086
1067930
559314
977078
943223
1067139
917835
980064
983450
986877
608166
1188851
965476
963683
978581
624147
997217
982188
1004931
931572
980174
984562
976467
992898
962461
600111
1060807
941600
1009820
958754
953693
923906
983350
1019548
981336
986786
1010963
921142
961157
1062510
1084022
981026
1040087
983831
1101815
1074944
1123286
910201
1033626
955567
1013608
973111
1005853
978951
974814
1061178
509309
1017434
1121613
950678
942382
934848
981016
950528
967971
1030069
1009209
986386
979403
993129
691255
1000773
969754
1360447
1002015
1039136
1092573
971597
966277
933836
725750
944737
945558
1365141
995674
947152
944556
959946
1084712
950527
1027474
951970
953603
914569
955347
947261
941670
904930
953734
955347
892698
962360
953233
906063
951299
1101575
914068
1316363
1472230
1612496
1562371
1441501
996124
963351
960858
955016
1104079
964283
935349
1046290
1170707
993690
1175625
964293
1025420
1121903
931952
1041701
1211633
922775
988019
1073912
974473
1124718
1033034
1269514
1050978
1160176
1039357
580608
1032273
1227794
1300493
881516
982248
992237
924698
580494
944065
1020380
1004731
1053483
990499
988570
1023100
918096
593909
934638
953934
969965
957812
949686
623195
480012
934918
950948
884472
915932
747321
1540970
969343
1047281
970089
965706
944376
974222
958914
956178
937954
983009
961558
1068312
944596
1024228
1351500
1383621
957180
904049
1009099
980144
1037863
1265426
1158813
986245
982589
458061
461748
1004601
960637
1012786
675885
1452242
598388
970786
1016513
959304
983310
995413
1166318
858302
993679
1005623
953323
988941
935439
950768
699380
989321
1536081
555116
1004881
1006574
948394
1076848
961007
991065
1021092
936701
996515
1015401
1016974
974093
668617
1003669
968070
687096
1014630
1003639
979021
941290
1028837
1011884
1019939
1167220
973221
1040268
1075946
1208478
978611
979472
1524839
1105673
964063
977458
1014880
1328877
1024678
613627
933646
997867
976848
988951
1009510
971929
1097837
1145007
1318116
949786
988109
973962
923365
989412
981907
934447
972570
1005072
986035
950958
996776
608016
1127043
989181
1464234
1004570
1017996
1008739
975996
1021673
1070265
1024328
594320
629938
962079
738454
614529
993118
787292
971507
984653
1335891
1036361
995954
916062
1002256
943854
1050258
999341
967640
986887
986236
982338
1002326
992517
965426
1516098
1476347
979282
1015161
968612
966508
965075
983601
989862
972860
1011603
992237
1003969
986386
1178752
1015681
1435169
1060576
968561
1026752
951509
753493
995443
958953
982078
968311
994501
959044
981426
1234377
995463
979703
1557933
1120065
1008938
990193
966367
1023120
1029397
1010030
979953
1042984
996114
980404
654033
992447
991235
995934
1940505
1006003
1020485
610070
1168512
1228566
917354
991786
759935
983530
959975
729046
1037152
946600
921572
969454
1387879
972900
1065196
1007616
1088170
1048534
1019749
1023596
999331
1000944
965176
1003669
987228
726792
975756
1016012
1431392
1000423
837512
1030900
963472
1289677
961618
976827
1249636
982058
1010662
978982
1028626
663362
1002276
1679965
1211374
1001665
940579
967270
1147281
975104
836531
953513
948563
950327
958092
1043455
956659
604931
949616
987278
1375787
992788
497596
951570
977298
1055748
1046069
980845
1005613
971307
2383923
1265967
1068902
1062070
1084052
990323
986206
1115862
992558
897747
999961
1038435
1035128
545096
979292
987167
1030650
1015641
1028766
985173
1467035
946951
1028075
978020
1008988
982087
977439
994281
953654
975745
1027103
986015
839697
1585856
1718758
1047272
1094351
1049165
1000552
1031631
1039907
960787
969294
993850
953794
951620
977909
1526674
1597949
1264695
1216002
956619
1014609
972399
969223
678561
973621
1158959
966158
923305
987017
961769
970486
964785
921512
947512
1362621
1375707
965957
980695
967190
974844
971628
962000
950839
935699
981587
985484
987177
964825
975905
960266
1097467
1009500
976227
1147061
928246
940368
932122
950267
458782
980264
954305
967791
553493
952040
973521
986917
1024869
1482569
968813
957060
1065236
1031992
977509
959424
965967
965015
518807
921873
995212
929248
985785
927163
1012275
936230
984322
992878
1042182
972920
961748
606684
983571
951049
953313
977509
1217225
1024639
1041230
965376
972699
968201
1344216
931351
1018166
593529
988700
619348
940147
963111
910001
943734
908318
991605
917796
944796
921192
918106
930189
1048083
1294612
1006208
1021272
1302512
955657
944296
602015
965967
1035099
979132
975665
946219
1021743
940699
970837
1016974
991616
1001795
937783
973942
964394
966287
943945
930640
992778
1202643
972169
974793
958733
954244
950137
947482
1053002
1131161
942462
1508348
1827345
1022314
957000
936861
1080469
551894
990103
960818
966978
975435
1003889
998789
1000523
1011263
998218
1043895
958553
1050698
992167
981066
1155653
980143
937402
946850
924909
949134
513076
948414
1369044
987467
950778
822624
991836
469122
967961
959124
1022680
992757
929728
985364
944747
512424
986476
939457
511333
956398
1189973
915962
1029709
957170
949575
1136441
954345
927414
951710
1393540
1132373
964905
937643
925560
954475
973512
1623948
988830
1003408
963913
922655
596875
945328
977980
1289617
975986
673831
1017305
955107
980024
957551
968562
1793992
951500
946740
915712
943745
567018
925811
945578
612695
1026973
965616
950527
946961
959645
966758
985083
939417
1087298
1128967
696465
966698
980475
954656
1001554
977078
1015441
910732
932043
944215
933244
932062
973932
944135
618947
1210172
1282689
950207
964474
875765
925690
922945
933065
981507
917765
1070630
1054615
601874
985124
641339
976086
971257
1078441
1042162
969243
590482
966017
920300
962660
981817
1195554
992727
975826
980825
974713
1017354
969894
961148
989091
1040268
1075936
985404
975315
958693
1033025
1001224
1054436
1006083
665034
958532
986626
939196
980685
954575
1057641
1544056
1023146
1024889
1028616
541049
1006254
918858
1330290
966849
1044006
979202
980665
539506
533905
1004981
895874
997838
1663514
995032
1063773
1010842
978781
1020641
1117590
1009119
543484
1008097
978080
1016303
993409
1009280
547522
1016944
1327485
1102196
1001514
628595
1017875
976106
1080795
995383
986346
1423647
1036330
864214
1006814
980635
982879
1012165
1465747
1020180
963412
970936
755256
1048454
574332
970836
874212
564824
676717
1042883
1030269
1088450
984011
1140118
1017965
1373091
1018988
1040689
1003799
958022
1026041
987408
961789
974343
946831
1000553
1016152
1021503
1005842
1018557
644275
1089272
1011935
965366
976847
991926
1432679
536380
802666
510170
995163
980164
989823
958072
641470
1060367
999150
982568
1397717
979763
1020170
950398
973982
600221
992067
953613
984993
1018898
988199
512565
943304
996475
1241902
988270
1356179
1154034
949105
1004530
968652
963202
1002146
1146410
957231
977388
1017094
1020651
964474
999391
990965
1255212
1108037
1035995
1033104
976106
1000893
952141
1023356
959224
980064
969003
691154
964083
1075976
1032874
966869
985183
1590093
1178406
981336
994972
971618
1052261
985725
722154
1006785
1006794
1021742
1251610
1176678
1001835
985304
1176437
1058373
1011985
1287653
556488
980113
951629
953283
949986
970686
957701
1013858
1040088
1067509
1005011
998478
1200123
954044
1297708
1070074
946870
954925
1017846
945407
954205
1002296
961789
1011113
993268
1009569
999150
963271
1364084
1099261
1272991
980284
1037793
950177
982078
982688
976447
997827
1002196
934096
944597
987157
986376
985354
1587189
1020040
1090283
977048
1001264
963252
975435
839687
1183130
974633
994531
983480
999691
959615
972028
544325
785313
1233205
1043144
986746
546259
970125
990394
941160
1189933
962761
961990
978561
952592
978611
982358
949827
997336
1360207
535629
1010802
1028075
952442
960046
1000663
974373
1000343
1053243
1042206
1011353
1000282
1024678
987498
1217876
1431172
971818
1079964
960497
1018837
506694
553973
691465
1232013
976297
1036075
969093
899371
1022264
992778
986746
1221989
1274063
999841
1030149
850037
979873
1014028
980765
1148714
566387
984943
952782
657450
975575
980414
948734
999290
1523657
1006534
1022374
987999
1023857
1012986
985214
1182980
986856
1014409
980163
965115
987017
1027975
958993
1471158
1025811
988850
1010011
974052
979563
990603
977338
1006193
1047592
998629
992427
936070
1030700
1006925
993450
884191
1384297
985824
989462
940709
992667
1244316
988690
968702
973221
967841
947051
971166
962190
1015461
1028716
982628
1084763
990965
957481
999270
967189
1085504
939246
959224
1012986
969924
969905
1009500
1002436
958473
998699
1016723
1114059
929447
983550
979843
1267315
1041871
1038079
1048323
969904
988430
949335
583269
1169559
973481
896695
1333395
1191376
974804
1024818
875374
1170045
984342
993590
989201
972890
969864
974573
1072690
982809
965546
1015501
1505423
974984
1011053
1026742
1166263
976066
651869
1026572
1007446
1010251
974473
960015
1047853
534657
977218
1001294
1013773
1132463
1030129
1017656
1321393
1008458
982288
965667
840729
995613
949936
992958
1023967
1010792
941410
826923
1508158
987288
1049756
983169
1128581
1033946
1008838
535919
975405
984822
664123
945899
1035910
991655
979783
1027575
1037243
1048264
776136
981907
1073842
983701
960446
1001795
750046
967640
950618
1015261
916673
1013256
963021
1228637
1745269
1320711
1728437
1120321
1275401
1764851
1753314
1168402
1265617
1084382
1703625
1532274
1673642
1834178
1239477
568921
1002867
951138
908388
932854
924488
924909
913377
1040839
918646
516873
957831
1063502
998830
572509
917365
946449
937523
980294
957771
971077
953353
914589
936471
929427
937603
964103
924057
957410
994851
1208258
948504
1105231
949966
942512
955537
936982
951530
932293
937723
1186867
653984
972079
949425
554294
960376
1102466
1129267
1005843
1009940
1006304
717073
1258403
979322
601173
969784
973041
1061614
1120391
1049997
977599
661558
915731
975495
1035208
1102296
984763
967579
962811
932383
982197
496654
927324
632844
1030770
977008
962039
953754
952211
487147
961889
1394201
1095283
962049
934757
917114
961338
946249
985785
979232
1032654
937833
958924
535418
998188
974753
470886
793429
1259475
1367014
944356
979292
942633
578009
652120
965516
962170
972760
759856
983300
1011584
998739
954024
978851
994231
1177419
1019469
848263
1023807
977689
982017
840669
1001354
1005963
1197276
942703
1008357
1007776
947933
613487
991235
970034
1437885
1086336
1004941
996575
1033856
970154
558983
609389
1012295
962621
966918
966217
990023
990744
976807
981106
1333285
1201335
971638
1060897
963171
1004880
994642
993158
986405
993288
966788
1001705
995253
917104
973451
970896
1611254
1017004
1048915
999521
999782
988059
982388
1157731
1013978
949064
994181
982398
967360
944075
588179
996626
1234057
1272961
1001534
1019008
959425
1069554
912926
1155808
1002105
953092
966097
999310
969614
1012135
927624
1022204
1057912
1000973
969384
993599
983570
1002857
982128
1070115
595402
690714
960447
551910
999281
987938
985373
984852
1315978
1428887
963412
935840
928736
937012
911523
911063
920210
948012
974604
952842
928055
614208
930880
906053
1350849
948985
1423687
938043
948173
947862
892136
981817
951289
945378
1004660
920571
938845
934547
954085
1274183
985484
946700
1024147
755346
933014
951890
923846
980405
965817
935148
944355
937493
584772
619548
922534
919539
1086126
994321
927985
945628
1062230
1020991
916092
951379
925951
891014
914770
922304
1062505
984983
947813
934838
1149011
970485
1000242
981577
1001193
989532
646149
1012205
972188
1122024
1004611
936230
594671
963973
941972
958483
986767
971677
1222655
971617
979373
1237112
1198448
958653
1138034
1199581
616782
1025300
970465
980875
959505
1176958
786395
731982
941790
941791
944667
1016062
1228926
955658
1017716
978992
676166
922354
962210
977509
951610
1000743
996165
999972
1160016
933665
984683
996855
1046290
1054545
994992
676486
1059505
978902
970947
1026933
990303
989802
994942
1073696
1017605
971848
948974
978491
1303128
942703
980995
1558844
1188760
1297363
791505
996074
981767
985905
992919
1043445
983049
983891
947000
982007
1067440
515820
993129
1060747
986225
1010763
1004811
1017625
933956
968531
993018
645096
1158483
965195
986906
1008938
1406825
1010602
1077750
1008408
958433
968211
790774
975375
1056189
1058833
998639
1178341
1030209
585454
965496
584962
1387308
1094541
1024117
1123346
970576
1049296
1002767
992107
986435
955406
1016473
576356
1006394
1005282
970966
983360
1408518
1079042
1155452
1005502
913376
880614
993179
1024368
657691
1017726
963051
1007937
942733
1073151
969474
979903
1013748
1343395
983440
985895
977599
968753
965406
974162
1005032
1123717
981737
965726
1012245
963472
963392
1195027
1644853
969619
977980
986967
973451
1048223
799470
1005933
1130890
987869
1010041
960848
1006234
968562
982789
1332965
1081978
680534
1045669
1030159
955627
995212
979082
997837
1360005
990884
667800
967811
582418
896676
995182
1019148
1622956
965656
1008788
1008598
988349
989912
985945
990513
561588
969574
1038655
978832
983099
1021422
961839
1316248
1368593
941330
1010131
1008989
994672
1029798
978291
586755
1224619
1009229
988280
974232
1003829
1022434
968773
1078111
1110247
1013317
1018788
1011363
999571
978411
975215
1157521
1189091
1023055
971147
1171216
1007706
1012204
1826874
1506941
958502
1010431
997326
983240
1567400
988019
1000482
981907
975465
1048233
1011553
977419
998018
1164224
999200
989902
1056228
1016563
1651184
1653004
1523958
1559395
1589111
1614260
1598429
1536482
1590715
1640189
1662101
1105026
975064
984803
1315652
1027814
962050
1023826
955608
1442633
692828
1342062
989401
617635
984912
999441
959134
1083951
985934
982468
978691
997998
999881
1048033
966458
1200393
1738126
1282740
1065156
959184
620130
1199477
1563924
1630330
840238
1296791
981236
1008729
955988
969494
1683962
1499422
1606115
1569154
1093830
990023
1552132
1586026
1619260
1598019
1205873
1515011
1639463
1722986
1569434
1614310
1610102
1650138
1559215
1641882
1634348
1771458
1235680
1132784
1035419
1008147
995593
972599
992407
995192
984943
1577530
1569445
1550198
1086667
1582379
1606235
1600213
1358838
1010452
989652
953373
1629183
1609611
1660783
1800454
1528867
1005602
1024618
967149
979102
1568227
1587749
1575837
1360417
858022
1813564
1085528
1045969
1438105
1208077
1107266
963102
978481
1060447
1633687
1521162
1573352
1580816
1032433
1586056
1881152
1105392
994672
1078521
949385
980004
1537243
1005031
994231
963933
914629
1014960
971277
587357
949586
1762176
996936
966398
1721875
1528897
987808
1453113
1581337
1606525
1064444
942923
1007997
1593680
876317
1764725
1715472
1719129
789842
1680766
1665953
988024
969854
1006374
952502
1541051
834036
1695865
1652222
1674714
1633998
1671619
1788832
980759
1073902
973211
964775
1444567
1135109
998970
1058663
952592
901995
1013297
997897
681446
525570
967179
993008
1383831
1692965
1439327
1938436
1675005
1601385
1676468
1669329
1653193
1700615
1665076
1650769
1587209
1677671
1631673
1593360
1654726
1649888
1668683
1692328
1633085
1701726
1753204
1392894
1062491
992151
1632314
1185304
1116513
995844
1619339
1588150
1563574
1613919
1746561
1226538
983861
1028776
1022785
971868
999581
1029758
691545
1525000
1021061
952200
1011754
960467
1020601
1076357
1895795
1071212
1019859
1689402
1461428
1429448
1604000
1532725
1597458
1496446
1742013
998599
1224984
956870
1571564
1594317
1467991
1632349
1533456
1492688
1526643
1532174
1044326
1025460
1021222
1003879
1117535
1390274
1299371
999370
985344
980535
1555618
1581357
1559957
1634979
1666759
1612517
1632635
841475
1410182
1517796
963252
509690
970465
954265
928987
1692614
1565507
1508519
1537183
1599942
1222534
1006394
512745
958713
1029177
993048
1558534
1549507
936852
1634408
1558694
1648224
1597217
1606505
1115020
1617896
1677469
1570517
1442905
1633296
1652062
1468452
1513829
1592538
1587799
1620591
1670777
873491
816132
1610112
2215403
1009950
1064444
944567
965086
988210
1618268
1556089
1610052
1808900
1623267
9961939
1621223
1630611
1618568
1530951
1696717
1473141
4417471
1140089
920100
978441
963432
992577
927945
570274
981747
999160
929878
1018697
1163753
1003238
973702
922715
1036190
1095614
1061929
952361
954685
957461
984131
1020220
974012
964354
1002256
989631
1024809
1036171
969113
1087528
945799
1005583
1046389
973220
939837
938775
946550
951679
940418
1344998
1486637
1222384
1022845
989372
964474
1113007
1017565
1008268
989051
1319564
1259299
1441992
923636
933946
936460
1150959
1232213
1002025
1029979
678831
987778
972470
989101
946650
970686
967610
1071347
1631338
1524419
1760538
1623056
1618347
1523116
1516474
1508128
1583882
1606956
1796767
1010141
906042
941430
1292994
1666559
1480755
1170190
1631031
1598359
1650047
1585385
1016914
1657733
1583702
1657432
1627585
959574
976867
988901
916222
990143
860477
1020731
1014149
996585
954545
964905
960246
937363
987208
1164153
648002
1005001
968041
996184
996585
986446
955987
943323
527533
1218747
662690
980575
943785
944266
934537
1318678
1197468
1240378
1235158
953914
1001524
958603
931542
951228
1047112
944005
968642
970435
575564
945158
996104
1656630
1050348
1040378
972920
931311
958202
952641
928926
866418
916974
941931
920952
974313
963212
949115
970456
1079743
1244096
913538
1036120
935099
942452
932072
948704
662971
968421
476696
923275
966368
952110
1011794
621172
935909
474302
1630500
1002296
939878
909179
946410
904780
937392
917625
942934
887487
1011223
925409
950147
912275
927714
934657
949195
958543
1003458
1038931
1679413
943224
847281
940789
892076
985940
1007195
939707
959305
1010842
971537
904650
1287548
1357972
1052592
1044827
1221372
1087237
978741
1032263
1068302
939937
1130350
1645589
1699131
1158663
1303809
786286
1377049
963152
975636
951930
976797
966808
737933
1041441
956589
989111
967079
957201
963342
940218
1301615
1460908
998889
589400
934396
642902
969964
945909
1186006
960727
1000182
835669
894611
962811
937834
990163
1050908
1065201
966808
968501
938936
955917
923306
565145
960075
1116624
942613
966619
950047
923557
938975
956779
1011609
1123461
922635
1050858
975024
1109219
1001866
950909
971598
990223
984021
1042913
990974
996996
1004911
991836
1003799
1186657
1518748
924177
1023256
970957
976788
983170
980103
979382
963292
985134
564954
980735
1027784
973250
1081537
987819
1496776
1100873
1665988
982228
1027233
968792
1108614
986406
962180
965356
996925
937223
989682
1010161
1202136
1203469
957691
980304
983250
1012356
999000
1038705
708608
951419
657009
942152
511453
967370
972840
965746
1097567
997256
1077820
972499
1000082
945969
1000282
1044136
972419
983871
1008517
617484
972149
1015501
998338
969072
1267445
1011172
1523167
985103
1003628
985294
952732
773110
994571
986225
799510
1004650
970385
980254
976256
936421
1163482
986375
1386256
680534
1046901
943224
946760
1004570
978020
1010051
973751
1009530
996635
1002907
972309
978301
1189412
985374
1523106
1024018
1006193
967700
981778
993089
958784
974984
958312
1036140
968081
972580
997677
1291211
1122174
1023066
1128466
957932
996475
931922
997968
1023035
1001545
973902
995262
956448
1007576
953172
1113858
1711809
1646737
1679388
1554195
1733076
1269494
842122
1542073
1721914
942101
939036
1011744
1038756
981216
868381
1192398
1235599
957962
761674
1108568
1026252
983249
1003969
947051
997967
933776
1044035
999150
1001104
1022103
1409310
967790
1022825
1144521
993670
1050177
1013076
545207
947492
982529
973361
969944
1016443
1002656
1026122
938735
1550138
1005762
1053663
1162426
572539
1034266
1183060
1005282
977899
1039070
929117
546319
1151540
1010421
1014840
980625
1421593
734186
1072309
1051610
1106354
618877
1090850
993169
970365
1012014
962040
1011723
1021242
987838
959424
990433
1394301
618807
1008057
996465
1013798
971398
970315
1010892
965276
1008949
669193
1038174
988159
989472
1020711
983520
1104350
1076808
967981
1046500
992908
992207
932523
982959
954375
972219
985104
602225
1008739
1007506
986325
961048
976046
1386392
996565
1520987
929558
991044
973822
989842
924979
1097567
979593
980675
967049
628976
959956
976527
1058754
1754721
1436492
1035500
1032273
547982
988150
682027
970205
530398
986105
974794
1016633
997507
974783
1006003
1147041
948794
1148835
987989
546680
1018186
1122815
996295
1058523
1053213
1279182
985534
988410
1032012
490393
973672
985785
1658624
1038505
1020521
1039577
948845
992958
992378
996595
1040609
1018507
1002637
849536
565626
996836
984292
966508
1530742
987007
1042833
974574
800362
998930
1021432
1018217
950698
1099506
1039747
982729
988199
997066
956910
970215
1058383
1047402
1012536
633365
995453
991806
982108
972780
985314
1145268
963613
972269
957882
998469
985214
1026923
1011824
1272971
1021803
1006914
961068
1002816
963422
964855
975786
973281
993028
1012736
1003238
1001505
992818
1323873
1082639
969954
995463
982208
1009520
987888
995864
1032133
962801
1045668
999050
1029568
1009419
972630
981056
1620221
1033786
1023647
1016964
973311
982248
836591
1206960
987317
1150578
811603
944025
481626
980154
960667
999361
1103679
698227
988650
1034948
986667
963532
948473
981116
1143350
1024759
1239161
1017365
971939
712826
554875
970165
1171879
1044336
1070936
982458
970426
937342
1007756
969574
1210127
972680
1012224
951700
985955
630488
978932
965496
1013558
670174
1318177
989041
579482
935398
963242
1035879
987788
1245318
988430
1060236
962070
1025179
858112
989562
951229
950938
1650158
991836
1056579
983179
1012826
957962
1001544
998359
981437
976327
978270
986065
993630
944576
1105783
1301726
1031852
1036440
1010582
978040
967670
988911
693850
991576
560466
979172
946440
566717
970325
996916
989251
1123817
1460918
1001996
967019
1019719
957651
990774
995603
790573
967419
1093269
1022415
1028105
1056859
949035
1103950
963543
793900
1353233
947141
1062390
1010432
961137
973982
1164004
558993
1003047
1000793
1013858
994391
1031271
1025390
1093670
1425722
1027744
1028055
1016103
991706
986176
1027153
1319809
997617
994782
975185
977729
958212
991756
985894
1043744
1575726
960607
1021162
984171
543974
999281
970686
1196966
963011
1090705
958422
980856
989291
1007105
515801
1001845
1203678
1572345
1010712
954305
989682
999020
1333651
969684
981967
983140
956729
936250
1002045
947492
1020300
1041761
1290614
953322
1013437
926973
562008
969183
1016683
993870
962269
996375
999370
1007436
483139
689000
608617
988981
1151971
1624920
970215
1048574
952792
983089
1001364
1061078
929317
983540
1035528
950397
976226
963852
940379
851019
959725
1480385
977529
1032894
972770
981566
954425
1043514
986526
1020040
946049
977539
978711
1006955
931040
1181206
1257703
1001204
985454
1027444
990082
1021933
1041461
1009910
985243
954265
969945
1000713
1015871
977749
1576343
935349
1019509
1022809
1012866
515570
972719
593158
985323
982208
1001855
974112
644606
991526
994351
989732
1262701
1016844
981967
1373623
970756
1031612
972099
1080459
1041681
967170
989622
981457
926181
1007486
986146
978600
1007025
1021062
1004871
1680846
1021362
975986
1001615
949175
1026582
952751
744245
1036676
840338
967339
962179
1055036
913037
980054
1011223
1554936
967720
978781
1163172
981306
972118
943684
952982
971958
988980
1010231
1001876
1006654
1009930
1034297
1147181
955286
1042633
1044186
1406094
1118978
1024077
998048
1003899
970957
1002717
1060117
973521
1034677
1183505
1040749
1238846
1028737
1024859
966718
1010912
1003027
967560
735449
960827
1008208
1078261
964604
1092327
986607
943334
1038555
1494381
1195313
1020641
992768
987658
1013988
974183
964915
999311
1032674
999701
993529
965736
957791
1076201
1049737
1361936
1550599
1559546
1557682
1648865
1695975
1707166
1612807
1673573
1664766
1894984
1027294
984974
1028185
1079463
853654
999550
1187638
995984
981015
989171
959775
959765
975205
1183791
1191486
937382
982829
631331
974724
579072
988620
973992
1019088
1100062
967550
1000603
979984
944596
982128
1032033
1434037
1009340
1047181
988489
1005492
989602
986616
1163192
1205538
1015161
947552
988811
961578
1002967
992507
880704
1072489
952471
987778
929578
1012065
1029638
571697
1377660
1223667
1310272
1120781
1045558
975325
940007
1231732
1329704
994542
980304
570434
994401
961468
954395
1053123
970055
1041520
977379
973251
1003017
953313
543113
957260
1790655
1039818
1023597
982889
993279
977108
1012465
1510863
1540850
1546561
1572630
1546671
1823288
1584843
1769776
1546812
1049065
989242
1034106
963893
955337
962760
991395
992787
1009780
1181587
1346661
1062871
965606
1034236
970946
966818
961419
1070457
1007766
986215
993819
969624
981316
970165
989913
1288411
1379624
998429
1030409
1006404
1072294
551468
1017304
1337744
1040479
979983
960176
982348
1029167
944206
1261825
1335820
578460
984793
1080405
1019870
962781
1021042
1190965
981316
1123041
703929
934066
1003287
498688
510350
960136
1263127
1463132
987769
1017806
1003569
942572
988911
1022965
987228
960517
1053192
999832
971588
968872
942311
1214038
1018307
1511815
1037313
1030460
928736
980565
980354
1256910
1056540
983771
979843
975464
976638
850036
962360
976868
1063632
1384954
964935
988640
944556
985615
995343
1064735
998950
1004821
947872
988580
972179
1014730
987488
993048
1381076
1138004
1001514
986776
986206
975034
956459
731130
998809
961739
983350
951450
1015281
978391
994200
1044496
1677921
1066237
991847
1040880
1011213
1082829
1069203
1044255
1037543
1046079
1044656
944436
540778
941330
1168481
953514
1327344
965526
1548986
1056539
1048423
1303549
968992
1025009
1025510
518937
991786
991575
622885
501564
1043514
971727
1538345
1043845
1016262
1006263
956198
1213628
975545
1023476
978611
1037764
982689
824188
967951
984072
957881
1154160
1166608
1032754
1015340
983841
954836
915641
607906
949085
1022164
975125
953904
616512
927243
1067921
971988
925009
967219
1434047
993279
629988
751079
989943
968311
1042011
969533
963152
1008608
963703
963412
962871
1084162
1317806
1585656
1637574
1395674
929387
1027654
1619459
1061168
548483
1154034
614669
530829
956649
2111646
1029688
1239908
1306795
928686
1080134
704570
992287
982018
1010271
961439
979974
947311
1010281
994622
1209640
947652
921642
1203158
1118116
943344
966538
1231612
967109
994110
945468
952601
975485
846981
983550
567119
1228020
984532
947081
1054045
1130129
978231
989722
1063432
1081858
974143
970946
959886
1031502
934087
1002676
990794
973000
976016
968171
1034558
1133415
904490
715561
1185590
1070796
971097
1011614
978791
978631
1007125
993379
1209830
1140549
974032
983751
983129
1019930
985063
964785
1033916
975265
1020811
938455
945889
945698
588499
934657
1083911
970756
917695
1045328
957871
999080
968692
941690
1012065
948354
1008148
934046
1018858
973742
905642
1147372
941841
945087
920250
850828
960888
923536
1410672
974573
981997
687147
946199
912515
727694
937513
931191
933175
1199501
593263
960616
1056919
965045
1111424
640067
1022033
986275
695303
968853
990924
1046400
995744
952060
973071
984051
1005602
952512
971949
977670
1008668
995633
973602
1275255
972849
959755
939537
948554
981897
987287
968481
977950
1178711
943744
993951
618056
977669
958112
977398
787197
1132624
963081
968421
1011674
986115
950167
975114
973130
999792
1021442
1191155
991886
635178
984031
1008658
997557
1693972
1033124
1194531
940669
630940
1035128
972049
667900
685955
963552
584231
1006263
994241
957771
991395
989952
541109
1218708
1027604
955928
1023416
1006574
1002416
986977
982579
696404
1010161
1040858
1005832
997767
945418
971097
993279
1044677
1122534
997727
1021062
1016643
1099992
981116
991265
948924
1001164
974283
1049791
935318
906303
942793
1013237
457991
1252842
970666
965005
933445
938644
651038
933957
572209
1063607
445407
930099
937082
925330
958062
926832
935739
963061
920982
1154134
1019749
961288
932022
945277
929959
939837
1008097
1007426
898047
986636
938354
937442
958853
953854
946019
1078547
1128256
938094
985925
905562
912064
937944
938655
975124
1006244
910402
919749
947563
924198
959365
620460
934567
1434588
978521
912084
1067049
1023276
955627
944686
927774
943254
938895
960076
946680
947572
980685
957742
1097736
748654
1052311
1062711
1009079
984592
531921
986916
1075977
971637
985163
993920
988380
1017385
982097
933505
1201104
967931
1057792
1323417
988460
1068261
1048193
972149
1042838
975605
970786
927063
1013758
973521
986155
986356
1199240
986415
1525896
1088209
599129
969845
977649
997798
1012876
674608
1044607
981356
983180
1004991
1021442
1360597
1019729
954976
981136
1023497
959675
1030780
1233215
1021472
963001
983721
971367
977739
981256
975785
1030089
994071
574873
992016
986856
1057230
991666
956048
1022745
982018
958673
1646816
1204296
1008828
1040989
958963
717795
1031882
988971
956219
1106860
1032453
976627
1094271
995533
976307
978921
973932
994000
971498
1004680
1024598
988790
942482
980204
1000933
1617706
1076211
698965
1006685
980214
1013768
978701
1044346
993810
1030149
955997
1015271
989572
969063
986676
994962
1126873
1040438
1049765
958101
991506
990985
989922
970806
975545
976146
1540649
1504541
1524559
1547813
1461078
1113878
1042382
1045368
986496
1132884
1175114
1013677
1109270
996215
992297
977379
953624
1000803
975735
1569905
1075726
825089
982979
969795
983410
921382
987478
975435
1023947
1183747
1005292
967059
987728
982708
629426
1039807
1047713
996756
577459
1127154
1042673
983260
939827
1019679
969824
1078120
976066
991315
994491
1038114
1055458
1175105
1356740
1030680
960066
1003448
986406
1004981
1003408
981005
1060617
931260
984642
960246
725409
1200453
1114880
1806240
1017024
975896
1022574
962330
988179
1028907
978691
758642
1053584
957601
973631
977048
1017195
893730
1337483
1195904
976597
1001284
1019839
968231
984763
1005111
985755
1033545
946751
566557
954164
1022985
1003388
985875
1123617
1570573
988810
967630
1029859
982739
998348
998228
991044
1377309
1096616
1018717
795483
1062370
1148855
1162550
1252302
1102216
1008438
996810
1035349
988109
1006704
959234
606493
992778
1096425
982939
936842
1005252
730689
1560548
998008
1043304
1002817
1025190
544115
715931
981887
976468
1135559
980585
1041480
1043043
946069
982709
1013497
854555
1491927
1081617
700362
701945
979032
1025209
916082
996094
1005973
1014519
979613
1002135
994541
969614
966748
1233025
1097908
968111
1016593
989843
978481
995924
981256
1032153
1019388
954745
945908
976036
977468
1018526
953594
1190664
1273120
1016633
1025119
988579
1020170
963081
1028266
1167290
996454
971508
948053
1001134
960817
955237
962019
1227410
1000072
990132
983651
997928
1001835
1162711
1161980
1101194
1014659
971607
934817
984723
981777
516041
1136406
1497418
1003979
987848
998789
1002998
990593
622553
965146
1000142
1008608
996224
991786
960527
972760
875455
975745
1331321
1166032
1049595
1117449
998169
983761
981076
980234
944496
1025710
940388
938715
1044937
957170
1471628
806554
1253704
965005
981507
1010271
955016
1061288
949847
964995
554816
990073
974404
774032
900983
1006795
577008
1031742
1287599
1643881
983590
945007
1015881
1434348
986176
1008367
1073652
973451
1027234
972610
1047793
973481
982579
991977
1084643
943384
1269665
988059
1041620
961528
987458
937894
969914
943334
975706
1008929
1021642
968442
959414
1394692
1028475
1031060
992959
1174554
990574
1043424
1049330
1018657
1067815
724317
1159194
1152221
1001144
980464
563682
1635300
1061508
1031302
989141
1053172
933255
980164
1020290
976597
1032884
1043815
1002416
758141
958863
978231
1006323
1466568
987868
1002156
560245
978902
1001485
994201
524127
959064
1002426
576135
958713
957691
1205543
1004480
978200
976326
1413077
971998
1026853
1077108
486986
982659
983159
1007035
947342
939417
536089
1016814
1007045
1528997
791696
1771498
1534067
731591
1663263
1597477
1109920
1646622
1684112
1022163
1061098
982839
750747
1032774
1228216
1275756
963402
1034958
1051278
960005
998529
973041
982078
993278
998389
980344
1073261
990463
987247
951589
1326583
1127063
985324
1074523
997878
1017174
956869
1015421
967860
1003628
988691
800893
974974
682208
1043845
978521
1286887
1261709
1004620
1067986
579322
980445
641359
1041270
1007425
951720
990503
1508503
693138
1028656
999300
987197
1246941
1113176
981146
1046180
989121
1090593
980966
1024749
971057
985605
1108438
1006905
992758
977659
962631
987808
1402858
1055807
1227705
1318788
985915
1016934
977218
955237
983640
998368
1005392
987327
816924
969283
959495
979502
1523773
1026863
1236221
956549
1004300
996886
987638
501544
552240
996776
1055016
997096
952221
991235
994131
986135
1044636
1093700
1073702
669934
997486
980254
988069
966769
992768
945448
1006664
975615
997276
977920
1127419
1018697
1380115
1029137
1055818
981086
1507466
1009349
1006394
1011013
968792
1018827
1029227
967039
654555
978681
998088
683781
1430921
690363
1403273
982198
988149
966478
990233
974093
979061
1011173
1095914
959555
989120
960416
966558
961147
1030139
1121733
1062120
998589
968452
1010632
968221
1002988
954525
940488
1189226
954105
935599
973522
986105
951489
1391917
1044797
984512
988209
1014259
908938
1071919
967941
960427
1143234
1005682
1047472
878771
991225
959565
1035749
1517046
998439
1033695
997157
1005873
990152
1169093
1031551
974633
1021071
973581
988620
945187
978981
1082624
1006294
1096084
987508
972900
989792
978811
529086
1227559
965917
983009
1014490
998017
1019128
983140
959675
792517
988149
1541842
1000142
1014249
1010291
981817
483580
620359
1022003
932934
912104
1112867
540448
984011
1020570
1006444
990003
985444
1590124
1125559
1072871
1015612
982778
997306
984813
538333
1019519
1002757
976647
948935
998729
1157011
994591
1008207
1643345
682458
1072279
1029978
959875
1028767
995102
1189682
957100
984973
1083856
976738
941871
1013327
979302
813336
1109971
1037964
966849
946760
995363
981266
979062
961839
921984
970615
961989
1507727
1062565
1007716
939136
1054716
1124228
759194
490152
988741
1046440
952211
978892
957621
960116
990303
983991
1004751
994512
977649
979432
964374
1563373
1007406
1017214
1083902
980796
637883
986406
1010180
988931
1041812
974834
1010411
1000602
1003017
993700
953503
1338186
1144737
1386687
1759827
1409710
957120
1008858
1039537
1056018
602806
983159
983049
1100984
1839458
2310453
2027140
1316008
1467531
1631757
1215231
1063823
1090344
986096
999150
1063522
1728657
645608
943584
923997
674582
969253
966017
991565
992838
522654
968061
560215
990664
943804
986837
1027984
973842
1231231
1360156
1512526
964805
990393
1044516
1049366
974273
949275
1101409
1010482
537512
991375
564644
988640
998599
1746466
1620321
1404221
1002076
989531
997607
1447492
674943
1658494
1519089
1125651
1405793
1000483
1575285
1015702
1084312
986085
995964
984402
973231
936762
999771
964975
1096516
995002
1022164
1015722
964544
1441582
981817
1047782
946730
988951
1007295
744696
981887
962259
975104
1016733
1046149
1066668
676316
1023957
995523
1477870
1033876
978491
1071858
1240569
1037493
1068642
959114
953474
1017806
1019659
1012365
1007496
1667231
972228
1706625
1204390
954100
1010842
984332
994872
990043
966027
991095
1072359
982197
948424
993560
1005192
1013777
1303489
971297
1102922
1190574
942102
974463
1021081
877899
990865
966548
1003939
608026
991084
979302
970545
986035
1375015
1190443
1279363
980885
984041
1014779
967560
981567
994842
1067309
1069034
986135
986255
1006644
961237
863662
1242503
1003689
963102
1031702
990513
990934
1008568
975896
986125
989582
1023917
974183
1049050
997667
966958
1046650
1063633
775635
1081837
552991
987598
945268
1075385
992868
939216
992307
1021502
522564
995683
1009340
982608
996114
837142
1262781
1003859
808868
997247
1015040
963613
819930
994882
970766
1013828
1088024
967831
664634
964524
1009570
987027
1396916
1155157
1017866
1061649
615651
998479
984152
999100
988179
1002597
1065046
550357
994200
999821
993749
953262
998869
1512246
1036110
1000121
983220
996795
987528
1004550
954285
985174
1157270
1004691
969985
998158
1004951
992497
1471148
1062280
1012705
1024228
993429
1366874
974954
947011
939968
1012565
881406
1020741
974954
969684
946880
996505
970020
1030339
1125114
1022620
579552
976387
980444
1005412
955196
982248
675314
1013097
487187
1006714
982028
1022344
930730
1331722
1299191
1034617
971538
590834
975205
963232
1185073
1019318
1008878
1145748
962811
935599
969804
968912
938845
1432674
1034307
659043
531009
993119
1043153
930559
607766
985303
1028536
1158803
1012806
1075225
1139477
1035930
1004510
1184783
1322225
1079733
1021944
1022815
971838
963332
999320
968582
1004370
1174874
962471
913687
1009280
985845
993760
993098
1199431
966378
626401
923026
1033786
855106
1025936
978742
1152967
990634
1007937
1007657
952541
981085
953894
1113979
1249496
576126
1081897
996285
988189
985764
987668
979403
972299
1032394
1170336
1012275
982398
592126
949286
963522
1642393
644836
1085064
1017425
958413
993148
998850
992257
1002176
956258
1022054
971798
1054936
996866
1004190
985715
1437173
1139341
1000813
971117
929568
1010291
998108
999361
979713
1048363
990183
576376
1012967
977028
505862
1006034
533124
1595794
999400
995664
963162
1010131
977900
950087
1014940
956830
1116323
1038645
1028095
950066
965796
938394
537332
997777
1131331
1014439
997036
962059
557510
974122
1000012
970075
1012756
1461874
503658
977028
997777
1018527
949987
1020130
1669846
1079142
967891
984963
1005732
935609
555336
986296
960847
1076747
1003629
975144
949335
999842
946110
1008077
1427675
989612
1021472
997928
923536
1013908
991346
1029056
1373342
939657
1009279
952852
983340
982619
974924
1203318
1352953
972730
1030169
1006885
772459
999661
979292
1004621
943715
1242633
988590
999691
568521
984482
972710
1407867
1147613
991095
1018998
584531
970736
531762
984442
610832
1011263
1046881
979743
1029458
988480
979272
985845
976738
1489201
1267910
997246
1009901
941230
987057
559624
1001775
1012856
971518
957321
1022203
994020
988440
838330
953152
1079723
1155458
1002477
597426
923206
916804
979583
1042082
558432
975155
930028
986766
964554
991766
967089
974914
959494
1130430
1056469
996244
1079547
974463
962801
1012446
976998
980665
1029838
997537
1260593
989151
1021863
978981
1039296
1278871
975184
976507
995272
968793
1005421
942893
1435866
1238906
1006674
972439
994150
1000482
975205
951679
1266528
1380095
1009950
1019940
999651
1007386
966678
1105583
1011434
935670
1048154
1000793
1004129
1005342
991766
995453
1190649
1001244
984151
992056
1010481
1011222
1151580
622314
995513
1002306
973011
984061
999741
1011203
1028080
1009430
1601917
1004100
722624
978791
986496
969564
1010591
991916
974874
992157
978491
965145
992537
1194412
1052045
1008097
1558699
1031141
1010772
997567
1180370
1032915
650878
972970
971107
986966
937212
934577
1024919
629477
954055
1000001
1305843
1006214
1004199
564112
1006504
1155647
977358
965476
1010231
940269
995413
974673
947612
1094641
941771
561738
952211
1241230
589621
992918
983580
995273
986336
982729
958312
1007786
642321
1017285
1017555
1119830
917885
1006955
942091
934627
1415763
1025691
1004961
976507
998418
1003859
960046
637523
999801
1148509
1005441
1000402
974343
958973
1006243
1024999
1325160
1004029
1191085
964814
959675
981948
991315
1016533
1016403
711623
1213659
969163
995343
1007797
982538
1410172
1128947
498568
1021954
981998
1195564
1005182
1038434
1002967
721953
1022414
964754
978781
992126
1005943
991114
1521091
1197537
994241
999691
975806
994621
1014490
968943
974633
986726
672239
640629
955968
973201
1004991
989391
601073
1440259
615230
1528437
1003158
1011373
704830
998148
598709
969554
965636
1008427
979212
1006915
1038615
943634
995002
1267511
1182278
687527
1006664
1003118
981016
912355
1331698
1020981
956208
968171
987748
962069
976487
996425
996094
1569885
1312576
1040018
980054
1020110
959154
971568
1013367
1031641
981476
974253
924268
996465
1031131
959845
677609
1485985
992618
1564836
1612296
1166719
1578982
1522020
1005743
1004200
989071
995814
985213
961769
988780
1139828
996325
981166
1005853
988751
766788
1024649
994812
1039357
981116
950878
964043
1011293
947642
965877
920401
1328236
987658
1019038
945898
978510
992848
720360
884382
1085204
982709
952872
1007246
957671
712064
917755
959545
1630957
970085
1044035
958132
940258
973451
1199491
739125
990133
990624
731862
960337
990734
1008648
975255
963051
1297588
1009409
987959
1019428
623566
957471
1005753
1168081
995954
978360
1007276
982298
978621
986697
1001685
966618
1390754
1241281
953873
1016933
956048
958373
986446
1059535
1003518
1014269
785934
984632
970907
1028826
957682
1161428
1343385
1116724
979903
1000252
996875
960396
1020150
992437
1014830
966478
955818
974223
998369
968722
986255
810341
1247322
1189422
992878
1008859
989462
940609
1089733
1054731
995333
1011905
936751
1007947
975455
982839
1000622
1143655
998809
987267
987548
994842
942101
1015911
1059755
1043144
1058342
992528
953814
1020150
987397
703217
1125981
1073131
996365
1053233
571416
1039206
997116
987377
980174
1003538
1014479
953513
995603
989070
986927
985234
1124844
1035640
1336321
1170566
1070405
593479
987117
1007265
1003037
1147712
515179
1030059
996214
982749
982548
997907
995644
1205156
1350759
1056348
1011533
1000613
575324
961599
998789
985223
1003147
1007135
982659
1003378
985404
1002536
957891
1082393
991356
1474849
822955
990624
963192
990704
998118
1010030
967880
979532
979553
1000703
980845
1022545
1128000
1013377
953273
1080875
999752
995413
989271
978431
1237248
989121
965316
1005892
1021172
886967
988200
616713
1227695
986716
1199381
1274825
1009690
1022765
995263
1192923
958373
1008638
1033245
1054304
1012846
1191145
989692
1031111
976937
946350
1519760
977017
999170
1016473
1269354
770620
1027775
893910
986265
981446
1021332
1039487
1025409
957621
976026
1069644
1337223
1012476
1041119
1002176
1176377
1016193
974292
1045368
982037
1005061
1026101
966147
942822
963783
949346
1403660
1042082
1025400
970465
1027043
681175
979092
676947
989431
967990
1001805
1032484
1120009
1040769
978230
1000322
1485064
1016022
1017275
612454
1086762
1032593
1007075
1007236
944175
969263
985094
1012175
1002005
955097
543975
996861
1319450
1264735
949555
1194121
643514
976988
1047262
991325
991936
968321
987488
1007536
987798
968431
1008127
971668
1473232
1247633
1508002
556378
1013768
840679
1002427
991365
959445
1010982
956238
954245
1037564
1047622
985554
970155
1034056
1127394
1320565
989331
590823
972720
1049766
984151
1017014
1093028
979662
989792
963001
1021102
994932
999621
1513378
1170145
972840
1018978
1583461
1703089
2114170
1102466
1834328
1030580
1166848
1284342
712154
1607908
1118086
754214
1172018
1191215
1211394
1701847
1385855
1164455
642612
966057
1021753
1013848
931030
1246269
972970
996986
1007286
880384
1013537
989882
943203
972429
1152342
992367
974322
967540
926271
1236181
1400202
979312
996515
1151931
954616
951058
919218
993189
1003238
983591
582398
1014779
646559
993629
986256
951910
1684543
947151
1055367
939657
963282
939217
945548
930600
938865
946670
938945
1275626
1039637
947953
1035815
954545
960807
974774
920471
939837
905642
931632
979142
913126
1236672
929587
922124
929948
714760
917986
915581
732763
908357
928134
964244
1088495
998048
576466
520770
962441
921692
554384
904871
451789
950648
938475
922133
962641
913347
936360
953433
923536
1040158
950838
1025630
1029969
955287
936271
830199
908818
946811
1076267
959515
942883
909659
932603
950337
912916
903658
1075795
943774
958733
1025170
946610
933375
942302
953543
1260542
990052
975355
970014
971808
1020641
958643
926392
524979
1319930
1098869
898007
939497
890374
912666
529727
925460
1019879
978741
958012
904971
890704
932854
955076
926953
1046200
1051940
955366
934507
942152
954465
892608
938505
941731
994591
530298
933225
966122
954034
931231
958002
980960
937593
985133
540918
1004710
925650
1117860
1007676
993599
1011654
1000212
942793
980324
948554
972840
990674
953403
978381
1244802
1045217
1001745
935378
506604
961629
970586
972870
671517
1108177
976657
981857
977178
967911
958462
975935
996234
971047
956268
1090434
1280966
977749
952972
943785
949064
1127313
952762
926402
936361
886456
454133
937032
668682
922574
961889
935559
1435159
939376
925981
943594
1013211
1033475
971978
950758
944967
622745
939166
943985
620279
951219
1127309
941912
955047
1299962
944276
947402
919038
987017
776828
969254
906184
914109
938424
945588
899862
941290
934146
969714
940218
988861
1039297
543363
929698
983952
927414
554053
949175
944306
568411
695743
977339
798899
938564
1040033
1043314
965707
942342
567630
1077369
598147
1012009
514839
1062019
1226282
944115
999140
998108
958373
551038
671436
991476
931982
942432
970997
949375
963502
1100973
1007195
958803
967940
1185374
947792
956199
884822
926783
967841
940448
965216
921903
935669
596504
964594
970686
1255718
1058984
713376
990904
903007
739476
961719
893520
934136
928626
921161
1090088
1033886
997096
991566
938655
993940
1655358
726742
1033275
949325
998889
967620
1000944
969914
971367
978971
1362772
976797
1031461
965305
978421
455426
1416724
1020620
1147452
992117
990724
968331
968822
1030950
994401
1023968
1044866
972249
978391
949946
1005182
981136
1289192
1037824
986055
1003679
944055
1002316
971327
987016
1013447
1009520
1016053
1008729
1016473
993619
961699
1052030
894371
1040739
1048669
995613
1022043
552681
1001234
994461
616242
1010462
995553
997226
998279
977739
1174042
569603
1005302
1741136
985995
734667
948304
1018036
969083
984933
931862
1043975
1003818
959504
987818
980876
925240
982429
1143860
1244026
994992
1005823
980234
934297
989732
947803
1129964
969303
962982
1015030
1018096
982368
1023336
1272990
1008208
1080354
1056168
963342
986636
1027814
983961
742131
993910
987398
948514
610762
1003128
1048073
975325
976006
1587499
1025931
1006273
968121
534466
919147
981967
1174042
1019559
1025140
991997
974373
1001505
664654
961869
1056279
1480245
1059455
1044075
988630
1024538
985274
977098
1026122
660817
997237
1025390
981356
590032
649315
987157
1002106
859960
1159445
566157
981536
998308
978481
961738
1066027
1053699
1009510
992136
1006184
938425
975725
963372
990244
1148985
1565727
1001625
1020892
835358
945979
992186
598969
985043
505461
526731
990724
1018296
957210
952551
934557
1096875
1103208
1061950
1129398
974253
819388
971137
983450
1014920
960116
1421088
975425
985183
989451
1010231
996956
1010812
966728
1340630
1255347
971988
1055718
977469
1000743
933676
1003448
968552
993869
991495
1327229
963722
717405
990093
785434
1435449
1002496
1029989
485153
963742
1055106
964254
998679
983851
1030841
999190
563612
992287
665084
966057
888310
1106343
1528817
959755
1016503
972138
998880
961728
990884
1002827
1052061
950888
973351
948564
966498
1224338
964835
1220200
1223647
992788
984733
996676
973361
992077
977469
996735
1053724
1089472
1066799
1271168
1182068
998289
1301625
1190293
979844
1023296
952361
1032764
990122
977589
997607
1007536
982728
1001655
1411439
719083
964644
997257
1399361
1008868
1009630
1042042
992478
1461283
573561
920600
971267
966929
993869
966027
976126
993139
978290
665445
1158086
1521915
1282959
1616624
1797288
1639638
1022314
975084
1001735
997246
1025700
971357
999570
1342613
1145308
655787
1026352
1244606
968422
1009600
983961
946480
972529
1006393
927214
996365
1113126
1009290
998328
1349596
1091225
938906
1021763
1096635
1015391
996996
994101
984903
767850
965256
985875
1017154
981016
952211
974333
1290854
1071487
987758
1033756
1025199
947862
1105072
971758
971328
1021051
1015932
967850
1048985
998689
993900
963272
1541101
1026573
1061619
801143
937653
964354
985003
973000
982018
994311
996284
1196095
1004380
682859
949275
940990
1458253
1020290
1033856
666928
948553
950468
1012285
983991
975726
987859
998519
1000412
1141641
941230
978862
972910
1340099
1123516
970836
1014840
1013477
967269
980765
977329
1012134
883781
982859
1155518
989141
1013798
953263
862330
1472991
1057661
1178762
948834
994662
965165
963583
977749
979873
1024479
995643
1026612
952181
954886
990754
1005061
1532820
1072054
1156139
971458
969133
964715
983651
928926
938174
948183
993118
978641
1014430
978862
982909
1275426
1219699
1031331
1014299
833184
971547
1032203
1016804
1000753
943614
1007065
1055522
992016
971978
964384
1005101
1283872
1055898
961839
1022585
996795
747681
969654
1035759
1013107
946850
601534
1265021
989231
1012896
984482
1007957
1142332
1258403
1006264
1065847
997817
1033866
498408
977729
982669
1015681
1131126
1001204
1013367
995042
947762
1008889
962450
1497202
1439677
992988
974564
1025290
988490
972720
1009590
994862
1188020
990253
977659
1017395
995864
980815
1118748
1344522
1039576
999921
999010
980414
692647
1001264
976196
1153593
1004900
967189
714840
600321
971467
972409
1656470
1079638
1004991
951870
963493
577909
1002086
954615
976968
954305
979032
999661
972860
1014489
953833
630860
975225
1070255
1277744
1296015
1005823
937743
990945
981697
984081
956018
1347617
954796
486695
941671
987628
1003619
1175716
1195733
1092057
917384
1043164
996424
973441
985975
1002651
1034397
991065
656559
972309
710912
963312
1005232
1020541
1426874
977499
1025370
975465
986195
963302
993860
979232
962821
1140749
973571
1002947
1017996
992667
999150
1144777
1368271
1119038
1040389
1007506
983901
968232
992237
996165
974483
1143524
976186
988900
1017736
544255
958202
1311424
1265757
1079243
1020571
982999
967210
963021
985814
1002977
1007445
974232
947762
796404
1005632
992307
1020130
1377329
1096956
1010141
1045217
1004981
2090716
1017475
994301
997357
990193
927103
1036681
976757
993740
986296
1538625
1305223
1266619
979974
957281
1031842
995112
1037753
958763
1005712
847481
994871
481866
1000823
985845
1035449
1750488
976737
1012696
1013637
982067
977389
992226
748764
1009199
1036180
952692
992146
955467
1026662
966007
1010752
1500339
974062
1004561
979502
966097
468871
924148
974383
1019859
969604
570906
482398
974924
988971
987548
957150
789051
1378171
1254666
977599
993470
998699
998529
971378
1003408
968101
964644
956910
947171
1027684
955086
970726
957802
1476929
977799
972399
943063
965466
925119
1030650
975946
1312110
999501
964614
946811
944917
966738
988620
1118933
1272490
977679
977549
988810
966198
1000773
993710
1217064
977208
1040022
982208
994862
990584
578591
1192893
1492749
983510
907746
1009259
990484
955196
1004720
998499
1008447
938624
983931
945929
979643
971958
1332990
999942
1370736
555305
1059780
1160497
957511
1025230
1100342
591355
973832
1010892
915120
988600
951510
963241
1019759
975766
1106659
1203900
979002
1077279
767189
994361
1093900
1027975
944827
969834
972380
984252
979944
977499
1011463
960907
1197497
1222915
982479
1059374
988390
1191471
1656775
1458283
1185775
1785766
1765708
1723317
1651690
1460928
1664155
1706535
1545900
2348156
1729344
1914395
3987428
1736311
1671067
3273325
1668638
1704130
3017257
1846641
1606064
1249135
1601595
1604521
1570186
1605123
1727375
1104861
1672510
1110592
854605
1308789
963782
1029388
573110
1033285
897547
1051980
998488
935819
1014950
969073
1101038
1209470
985083
1108178
1615583
951208
999240
944236
989723
961208
977519
841941
954125
954114
860687
923336
944807
962771
1127525
979652
952701
997427
962110
962039
957621
940448
942412
932934
1000813
960306
930689
922905
614618
909960
932513
534497
555556
959104
1089161
1581718
698929
973832
948554
943344
939537
986356
926111
945908
720741
925790
916893
949586
588690
978490
535218
971437
1161749
952561
920841
949947
866187
917966
1149852
992698
1003038
974564
968862
985805
994331
690153
997046
1013928
1104641
1356820
1002256
1047011
661628
1375796
1032724
1019349
975906
537051
998619
993860
1003218
1181481
1024539
947943
958473
906484
930729
913999
941420
936381
951199
932052
944106
923326
982758
992748
977659
1094992
1079318
1035299
962971
1050658
990323
508467
809930
994832
1008368
974734
957691
969193
940719
946690
941961
913337
1038255
1025550
966348
967521
1010391
647963
973932
966227
948945
961529
939296
946661
943885
928726
949786
940418
953553
908258
941060
494992
959936
959334
998920
750026
880114
970967
1042824
989581
966378
992617
975125
948574
1042523
980014
992377
1272790
983680
646420
983831
1674394
960918
1035359
998299
946610
1007245
964173
979282
979553
710401
686265
957871
1044376
1002025
985223
983660
1385785
1025079
973632
969954
981446
1000532
992327
984301
992998
995814
978791
1017960
648313
911333
921863
930570
954776
1419520
991746
1011714
933435
907436
919399
897397
962620
959094
952741
1135334
1265696
1012556
983209
899029
929988
994822
978822
996184
991485
942552
951880
978310
960797
945228
947302
947512
793339
950888
945357
946199
531972
948924
468010
1016984
991325
1023417
998198
984371
993920
1001875
978771
1008207
929027
955127
1012956
947421
996014
577819
1003347
1202336
1233425
1350239
1492809
1015481
1005282
971727
1111914
978761
997246
1127815
955857
1044116
995323
992457
1652893
1068151
769342
1058092
983641
689231
980645
934497
983660
977528
983961
627353
973120
987507
942642
959044
971778
578410
989101
1135089
1025870
975616
1008839
989382
978812
966328
975746
975254
1114509
931993
640077
1043404
992858
570344
1475246
996024
1022244
1034267
1022194
929017
984452
960176
997546
1008588
1012115
1010702
623015
981396
1019679
1021277
1774374
1168702
1012085
984843
988790
962921
681876
986446
1121148
998880
1078300
576526
1007697
975214
997297
961469
1213217
1161779
1003438
974724
1032113
968662
979723
966538
1011905
1042652
1033595
1005281
949977
960016
940168
1007085
1514380
964194
988920
994882
964824
992137
1017846
1083540
1011314
1102427
970706
938014
979844
975555
984702
1626092
951199
1020130
965646
1002156
972248
996404
1025590
986216
976667
1009209
1025570
1035138
995082
859915
1495449
1177139
1045428
1003118
993990
656358
951279
999049
1056519
989031
997818
986676
984933
966478
1010762
983941
1288219
1454707
992988
1035089
968001
979192
1024959
965155
972539
980354
975775
1044706
710871
966989
1048499
1013758
1411819
1180404
1000522
1062761
990734
988159
980304
985684
1218257
993148
779112
1041230
996605
976527
984372
948394
1463267
567399
995383
1341280
1026491
645608
1027424
1003969
913447
996415
970726
993890
962110
954846
1038895
1002797
1593741
1022244
1006635
1012867
640127
966217
1018136
1145549
975405
1036912
1017444
950888
946540
959515
969694
1030429
1518467
994652
1033054
1028676
890143
951469
959525
966248
825049
1014689
1011112
1013778
965607
944306
1032223
984322
1516013
998919
1003769
678631
959234
990934
1311139
1036671
970506
989231
958563
942472
898569
997808
1004299
1001785
806083
980995
989211
1000593
979643
1018607
1362456
609989
996385
995813
1010482
1000903
1009059
969644
1008959
1005753
1384713
945167
1014179
1137333
656809
978651
1368272
985084
965275
985184
1050573
998539
1001815
998960
999471
990534
1489227
987648
1065006
965696
1049255
1009008
1008738
984943
942122
996976
975406
1032819
1320487
970786
957761
1017315
1171497
958062
981346
970415
988890
984983
988340
993289
991456
994841
968001
950347
1074002
942142
511042
1068492
914373
1010462
1084613
993519
1044456
995593
955467
967370
984462
970356
564103
994902
561528
1041711
1047321
968562
1388660
1091055
1023656
963933
1086261
983690
1042702
956769
991195
677178
981787
587146
1004020
998398
1012786
1003177
996566
1203569
997927
989071
1021422
957841
988931
713937
988519
985364
983099
964343
1172234
988400
947051
1009079
946260
1412255
992016
1018978
1090298
1021778
1268157
1005136
1065571
993059
1355191
1125400
1038585
933034
994802
998399
1512817
991666
959234
981557
938515
651810
1104942
960196
949847
963753
1290008
975455
973301
532583
958482
1010582
1049105
1475301
1132634
922203
599811
1016553
1034778
956619
989862
1017264
1134577
1012836
998459
997817
1045252
1014199
1455097
1204797
634757
993610
981337
1029547
907666
1000151
936771
966969
963572
1258033
1011162
975455
964835
1306444
1236021
1059715
988470
983239
967589
1003809
961669
966288
1203218
973712
960176
977129
991466
1003559
960246
1092117
1449486
1724619
1716774
943204
1003749
1693701
1030730
520309
993649
995092
957902
992117
999160
1670136
1058824
1196645
1014860
991285
984342
975164
1071763
1142366
1024388
1068312
1045107
1014790
977659
1016743
1469485
1088079
1082388
1046410
1013747
1002276
952721
980044
1078621
991846
1040308
996895
999390
982268
972299
1188630
827995
1024990
1029808
947121
972660
988941
1009540
985444
1140770
1019209
594341
945277
963351
986055
985714
974814
1525100
1093370
1073842
973431
983511
996415
941300
1201825
1022605
996244
969083
970095
1046690
995092
744305
1192608
1383521
989021
616933
1099321
854816
830389
1050447
1051895
982939
953924
1010441
971597
965846
969955
989281
1214770
1215331
939326
985694
933786
1001655
794020
1069234
935509
993399
1033685
986806
912886
947662
989131
1021202
971357
1305713
1008959
969473
1010021
964765
955396
1106544
1030420
968101
959515
994992
991575
1008368
1070516
1568126
1282660
1033375
1013627
1145308
1011273
970215
1012025
973090
968582
981637
976236
969043
975054
569483
1265817
1052101
1397799
984241
1028536
995543
1012305
986246
1182539
975645
1000563
978201
994802
976868
985013
967791
970215
1012145
1188971
980304
1063773
989622
987348
1163693
1020911
991466
518436
966758
1004711
1002546
969704
985164
1123807
1018688
1232404
998158
1038014
972920
993159
1038985
963723
987598
985874
993269
1000683
973221
502345
978601
1149646
915431
883220
1330640
929167
1018336
969133
915932
1269049
974413
967260
1001514
978531
992848
924959
1024648
1021903
948103
1379062
1026232
976396
988209
601655
1123195
1001254
962851
957651
990053
1002987
1013768
1044661
1701802
1012165
1017064
1283501
997317
969193
504950
711193
1028526
987338
925129
1020761
992077
989010
986035
962450
1166759
789106
1535655
1830065
699199
1515361
723847
666367
1031481
981116
963973
986315
1009319
982970
980585
957120
1065917
958623
1193109
829547
984002
1072069
986637
968922
981326
608177
957591
991736
980194
707606
969042
974874
1248434
666046
957831
601463
1608464
1081897
980745
1009470
1055367
523224
989422
959094
937343
965977
973180
970135
1076347
1027133
1069003
1016753
1349471
970045
1030790
987347
1034136
1003097
981737
967439
951900
1022314
986736
985945
1230189
983520
1011604
1411184
1140920
1009840
1022474
1023777
998218
965797
939416
970385
978130
964253
987057
1038665
1033375
983120
1005853
1539337
1019058
1006374
1031412
1147692
521813
1114824
997557
628896
977909
937973
977229
1491256
616302
587638
945187
1055992
1363052
1014479
1056399
1007907
971838
998168
941501
980454
988549
1004850
1304511
1031792
974443
997427
632182
1452302
1002967
1020761
1011424
987368
967360
732443
984252
967239
972891
974403
1109390
997958
1001745
968812
996485
1385053
955257
1270065
1009355
1003728
958112
998148
957782
988760
953453
1128756
991746
991996
1000061
1024488
994842
1444792
472108
1164895
956279
998008
498427
992818
1027634
987639
1039316
957501
997447
1024668
975355
994381
974353
1319189
1069253
764955
1005592
949255
996796
1012956
947702
991194
994461
1116844
1000893
1419149
1534328
1384893
1607387
1489733
1001184
3802290
2289754
1478532
1620636
999831
950197
1001735
1622295
1331111
995293
1009079
1237413
1130840
1271026
736381
1149246
978511
1018136
1017124
945859
1004860
513035
1386606
910832
929227
1011623
938685
932604
899772
956118
936601
943344
949275
543884
947412
969233
910842
931822
1196616
2597389
979342
940999
970455
554063
1017254
997476
977770
961288
985013
978170
819248
650346
977850
948192
1767681
984501
970144
1001654
941710
1159023
1155697
1065626
981235
986105
958041
999991
963261
998678
978700
1959631
989812
1035318
982207
961258
931541
941881
973261
992878
942562
943704
969984
986435
974694
572628
936370
1674824
1070666
1262746
976707
992036
971077
1020030
1006353
972048
966688
973941
959985
952080
967610
953473
1114999
1427574
960446
982077
1069860
532503
947842
984873
1022714
970415
975825
981346
973160
965075
979101
895463
599170
995653
932674
963142
964705
1173832
976686
979232
983320
1028575
503006
970575
958412
969984
973811
878200
980885
1132023
1041180
984602
926632
1046309
1005241
960076
960457
1028616
760907
946119
979112
995764
966838
975054
986335
1063042
988860
1049936
1155817
997867
985654
997136
966217
1030600
568431
950216
598788
993219
993389
931532
977068
509308
980765
997697
1040478
984923
969754
1015000
981176
975896
1097917
981907
991345
933936
971276
958883
982228
592948
992487
979573
978631
1040418
1117424
1007726
1045077
974903
964864
1101244
928796
685874
905722
924428
557580
929026
914028
914359
972560
930770
928736
994871
1004299
957240
931311
924929
936591
944425
921042
933625
920119
937703
899531
921252
1509319
968882
521121
955516
1035158
671777
983930
698368
994721
972299
1064515
995293
578269
927554
933345
929878
910451
1016282
920310
912365
932202
1010552
1055497
965956
959044
455306
908438
933164
949897
918537
601274
1145163
946911
990202
966247
973782
950527
993018
648463
1666247
973060
970925
954044
569262
955948
989411
968592
1277038
1039146
984312
965376
982158
983430
944286
985313
1581116
989371
1030189
982919
972599
989661
958622
1129507
989852
921793
997978
917314
987838
968972
949736
963532
1597657
963943
1418316
959013
1200207
1045938
984863
948203
959905
952001
1072950
585783
939466
949516
919017
1176106
1183962
919418
923506
938765
805221
947832
917023
1011984
946530
926411
944485
833194
932843
921112
894731
586806
1066708
1100873
982308
1000653
1016132
1047211
975905
951289
1025810
523605
922975
1008528
947110
1004029
1014249
579371
1095663
971497
1252421
944787
1009400
905381
979934
975735
1028545
983650
1020701
954956
977999
946880
518937
934086
995843
1834923
1468783
998609
1011423
996114
938946
1032944
617394
960416
948834
1008177
970796
980795
962561
962410
1176929
987227
1558373
987708
1031171
975555
1001384
1001884
984191
949014
993169
973411
992547
979462
929838
1261293
1011292
1207506
1036005
973932
1005933
1004821
554173
748604
988390
982067
1001975
967449
1012545
991565
1111955
1175556
1001073
1090609
1115901
1005682
966217
991836
1033715
979453
954004
973581
1021622
1002977
1047792
999641
1083430
975445
994070
957421
1021262
866247
1048163
975655
1297006
992387
962770
997086
940148
1004039
976156
1005142
1046549
865566
985714
960677
1105071
537071
998899
971457
1079563
974603
1044837
985474
1039947
629718
460706
965336
951810
752210
1016623
979743
1009640
1146875
1246721
1035219
1060957
1002606
1073321
989211
945418
992487
715401
992036
765867
1065225
966738
1008507
1003437
1518366
1005782
1024367
994200
1049396
983059
975114
899861
970645
984462
996244
1004660
977649
957781
767349
976286
1501164
988820
1017405
1306053
1571648
1556229
1559746
1655378
1653254
1180183
1268331
849996
1568748
1105737
1286817
924999
945668
943264
938735
730249
954645
1005422
1037653
960446
949525
957420
963572
925570
1027173
1121282
970876
963071
859955
940448
748949
736074
604539
951970
930209
984832
922934
917624
942702
923345
995934
1011624
1128847
945438
952421
869343
988960
1018918
982979
1149641
942702
1059640
1080104
957962
956489
944747
956609
919348
1593970
987387
998338
916923
957330
553162
981536
957370
935289
964945
922163
928746
927785
964805
927594
926962
1073151
1453293
935088
971848
949505
897366
957350
942822
934968
977809
911984
957901
917304
929989
963061
938093
944897
1085724
1118647
999210
1047591
1166994
1010531
1024778
965486
954274
974292
952982
956549
929878
961227
988660
969283
1380024
993098
1021512
981947
971057
965847
954656
957471
1014038
955917
964905
968992
969243
940448
967159
1131732
1029116
979964
941069
986055
990322
927093
1001494
971658
1123035
952651
625980
896223
978611
972108
987698
941270
1198148
1314214
1005592
971177
951089
1090183
946600
991415
944115
696394
927904
946931
551208
881567
1009680
966908
1023456
1001424
1414389
922294
969674
986485
989612
977738
935458
999440
941570
906724
962841
950698
920020
914518
952722
1093835
483800
1069964
909639
940228
987839
977870
541619
978441
968411
972349
976337
1012616
611513
933765
543684
955607
965485
1046399
938224
1004389
574151
977128
961538
970546
970485
1302251
1070155
994561
1002125
962290
972759
634336
986896
933105
992727
1181235
1251089
771136
1034416
824908
930309
931431
1657127
949214
938294
965075
544315
919198
632513
929778
962841
937152
937773
957691
1158342
957430
771927
920360
933284
1300097
1203819
942532
1295724
892446
1245729
966147
1634127
1741181
1470596
1305743
1339597
1010120
1017946
930609
913397
988790
584792
512374
955617
1031511
939937
1121647
1178861
1178140
979121
1013176
934247
959705
812084
537692
946069
940539
975936
961799
554224
935409
944035
1101023
937723
1067529
997046
1078180
985403
960806
944316
971136
512394
939707
924678
903318
929457
929377
797998
946129
1247072
968702
583259
1110271
1149295
905773
916022
931080
985414
942332
936711
1186075
943864
941530
658592
934948
994992
1269734
998488
1338796
1212455
1072744
1078039
1365140
1032823
601584
972999
985243
995412
1022153
679412
1152151
992016
981245
973491
1394712
1101143
1008969
1133170
1012225
944155
1020099
995814
998428
1045568
993358
596755
965195
1005722
932042
1008818
1345087
1125500
979723
971737
974774
993930
1049736
958703
989932
984462
1345643
1029858
974293
1013777
972910
1105762
692257
964334
970105
1550297
1143534
978440
1037723
981867
981266
1015351
488720
1106023
983680
980394
996574
587607
1618267
1069684
987638
1021843
968512
959484
998428
872629
982868
980184
1005702
783900
1485454
840939
999861
1143975
1416714
968331
1077028
1016973
971297
1017114
966989
979251
997517
1066949
1529739
1012735
980514
1012275
1227835
1649236
1636822
841100
1065617
1029858
1208919
1342031
998208
1204580
1031471
1279954
631200
964023
992878
1050237
1365171
1117340
1014058
1032107
982308
986466
986415
969553
1332157
978961
998217
993289
946029
998368
1646942
1011022
1124108
997186
1002496
924328
984883
946740
1003889
791786
1131732
1042667
999831
983920
502305
618586
1040248
1061478
600281
1021553
960386
983029
503057
1039030
969694
986235
996114
968341
1196801
1009269
1012725
993348
991194
1293529
969934
1020239
1024849
926812
979573
966267
985473
920239
1020200
670736
1021883
966087
1008327
950016
998950
992247
1294176
1251960
1054726
918316
979532
1015410
1024728
965957
978300
613296
981465
932593
956198
986837
1016082
988169
1216743
1056774
987468
974022
1006714
1024799
1028305
1016192
1193970
1215482
969804
997327
937101
995152
983359
1053553
1189547
1054715
965836
994460
980504
975745
940869
1018937
806132
1053203
978080
1040748
980484
788339
959925
758562
1461158
573190
1006844
1030399
952652
986195
900833
988770
986827
1047091
960216
1224178
951258
963683
953553
1065906
1289281
1007205
991395
1012044
945998
991125
965486
843984
1211674
991635
972158
1000893
961528
983690
949545
1480264
986035
993018
1052641
1012686
959174
982398
968311
1000412
1015731
953423
975125
962641
997186
992617
985904
721411
1343304
999100
997888
1008628
973260
531710
983450
998639
988339
1006905
956729
978982
949064
937873
940148
681637
1640570
1009019
1035118
1006474
932794
983531
975275
1025831
567679
971808
972309
1000662
1010171
969082
984321
962280
1666268
1067088
1030739
1008608
938425
935588
964594
965355
1300558
1280745
1036982
985534
1033395
952060
998369
1255747
1242041
1809180
1376242
1714955
1231517
1530925
1082698
1029948
1060837
977809
1174122
1596055
1665577
1683531
1622626
1655588
1514164
1173321
1003157
1074634
1309630
991044
1002236
934527
736671
927915
976818
946179
952350
888730
1033214
979933
572228
958132
923435
934306
928966
959014
932252
989091
953673
967720
986386
931070
933795
920050
926001
950598
1220741
606904
979402
894881
910080
930209
931541
918697
591685
1008878
988038
1026261
948192
905091
952070
923286
916813
999791
950637
960606
983399
957401
914870
903708
1002266
1100482
1149345
1456339
986226
956178
980425
943153
918396
1001364
941129
952060
934798
905522
931421
985103
990262
1538325
1538926
1373897
547962
995232
966919
956639
1014559
999240
998599
931782
1122309
995633
964855
954234
1114600
991946
1091565
1368593
975154
980083
975435
1210021
944886
982558
987457
1019479
517784
956489
948674
1040218
956729
982388
1365191
1427754
943143
939727
946369
1217239
1184352
710751
961859
934447
939787
571226
913236
1016303
891626
510771
920531
925169
983320
959404
916052
922834
1630013
1756330
1699291
1067760
983790
970805
629607
967790
971828
972659
1035729
1153413
970785
962491
1022104
1002496
1019208
948914
969875
592337
591435
932293
989171
970586
1010281
1033375
1008438
1101324
1475576
1046330
1233205
1205001
1006554
579481
1024668
963712
944806
967149
634457
995172
955146
995152
945297
1343014
1184391
1031310
1076357
573180
996043
979201
1056128
942612
1006083
975375
968622
1182765
923275
947291
952801
947551
986426
947252
913878
1003077
949776
943764
971217
946279
969513
953893
1227369
985684
955116
988038
1030008
952521
1210762
1031721
1041100
1154866
991215
1004961
930950
983230
933855
1002036
1025570
984312
991094
990163
971548
511572
1555567
1031331
1001635
1184472
996495
998839
1011202
976987
1003388
919829
980114
969153
1007665
519879
567379
1010852
1131281
1384262
1129017
1031742
990914
983611
943193
968953
971016
987227
573049
526852
837382
1316688
1001164
959584
919989
1275565
937743
988119
1037864
975936
923626
737452
507735
957581
930359
1034036
944596
1086776
999810
943284
893028
943694
1201204
1163092
937392
1124999
895283
922324
946319
913346
927464
466427
971898
1115356
1249125
1243880
938044
961188
1052947
1133184
932733
966227
923746
943484
911774
998669
984562
989571
1203528
968091
996976
975875
978631
993549
1070896
1216603
989902
988019
1436352
731761
989241
975706
983380
1003227
965816
968632
962470
1154034
995112
975164
1659104
967941
1013627
1005852
1029567
991826
1070455
963903
1229403
956379
975455
999851
515320
962430
1027534
1410422
1182829
949275
1136772
1050718
1005973
704559
1018737
994511
960547
980044
500141
1115181
958362
508998
998358
956518
1016903
1179673
988319
1076777
1077890
1025961
1534839
985564
971707
1009700
975385
1008247
1012295
974302
985343
985994
1336982
977258
1024017
961939
1028315
594490
1000752
952861
1184506
995192
963872
952040
975916
1175074
992567
988590
1506505
945889
994591
1009229
630409
1047812
955627
1004570
1029858
999270
983991
988670
1185920
611864
999230
987528
1209424
1595254
1225981
1569995
1009168
1647572
1645589
756037
978591
986385
848584
728906
1029547
947492
1524084
1619941
1057491
1011524
721341
1007976
975715
1017174
939226
979333
1078651
1218026
956910
987578
565636
1069684
1259976
949916
1039817
999861
988028
1002496
984292
930490
739416
999591
996975
940728
1194190
1012555
978220
1176868
1256619
991135
1080013
1044696
1001104
1061468
1030690
996695
943373
930960
989612
1012506
967820
938925
972870
1295052
1168020
1010601
1003638
1231010
1016993
1054284
1000873
949696
1004390
926973
968391
989852
976777
690704
977138
1054585
1182679
1001624
1006454
986646
975014
957631
1005753
981607
1010932
1037528
1000507
998378
982157
996865
963392
1139467
1056819
1036581
627413
1016402
978521
628766
975815
1032132
994501
1002746
997526
998057
1008377
1016072
931862
1125120
1267189
1003638
994060
804319
1009129
1488410
1509410
1462310
1125069
983070
999501
753784
953132
984572
1161548
1299570
963372
703387
962049
988960
967760
992046
993940
984091
1007686
1024749
513146
614308
981346
580293
952521
1066377
1357712
712255
551909
1071878
973000
997477
943253
1049300
977198
995994
677558
1182218
1003397
956188
933825
927744
1022204
1051850
963001
1143934
988961
949165
928024
1004500
948904
513396
933265
1017204
925079
968622
989301
950628
980324
1219459
1013146
996866
967360
984422
1004610
984071
1026652
965215
984292
872313
1018006
964725
992046
978150
986756
1262962
1202005
980814
1040488
540247
1045168
818235
987558
1012496
711272
1016743
585394
991145
999250
1026542
957510
604079
979663
1573592
2169711
1054345
1005442
1009800
945177
1016733
975515
1006534
973110
1038775
1004540
941831
970505
551589
1108403
1016192
956810
1023717
1009118
975135
983170
996334
1017545
989872
988610
980123
1009630
885403
1262070
1772811
1106559
1055983
1049465
1066227
1045889
955056
1010421
1006483
988539
1013156
627192
1054966
978340
1000813
1224398
1287888
974834
1126622
988610
949585
657080
1038766
1076813
977870
1002045
965055
1055938
1001093
941360
978491
1085134
1178962
1007416
964945
963862
993399
1005371
990563
1208428
983199
871647
1003257
929197
1002166
946700
489802
1016242
1309059
976326
958112
1037031
997246
959314
948784
956379
1018857
1028967
943174
978280
929878
1009990
995723
1061794
1556148
989041
1009689
977929
1007936
963522
1040599
997937
976798
1008107
1002586
980684
976828
928601
1012084
743790
1155577
989992
938043
993469
601244
954495
974613
601424
1150217
968381
1039005
960957
971687
974583
1038184
953192
748614
1613928
999491
1022764
1002516
904190
944305
969404
1024223
590273
1001174
995513
952581
984542
1029989
982017
971847
480955
1679708
1162641
954314
999611
970906
996325
554344
952582
996945
983089
976808
934367
998128
969994
951819
1363542
1149716
1001634
1014760
530409
995042
970876
881216
1187228
1058959
1010451
958943
1014479
954876
991926
943544
1387228
677338
616472
972940
614138
990053
952040
974943
971947
1055848
1019889
1023235
976937
963522
1028285
938605
958993
1482484
999095
1003849
979082
1018376
973070
1006665
1027454
949705
980043
953132
1018807
1056349
1011102
973060
1164238
1378001
1022223
1037292
1023090
1006844
986025
1002086
1008688
964624
1010792
954064
985834
997076
1007886
994000
1105842
1276657
971487
1067420
585002
948814
984532
1001715
1258879
1034608
999841
961909
984732
579041
1008237
964594
1105217
1116643
976246
892016
571286
989131
974122
1191571
1013076
972689
1001474
970966
965696
959534
1008027
960105
1010712
1626362
1039416
1008938
954766
957771
968752
1219579
983340
979222
1006133
995443
975084
985223
997998
1082689
996665
1144235
937713
1049265
987017
977468
965125
1009600
849585
942352
717144
958933
998869
1008147
1215631
1086285
1736412
1665717
1815372
1567340
1763112
1789592
1744848
1753204
1514209
984201
1510622
1125445
1016462
991736
988770
1012565
989051
855126
1010040
1025860
980715
1014429
978540
1248734
949376
964003
1495183
980184
1008017
968692
747441
967079
1008698
958402
925209
939616
947672
970456
975936
1008918
970976
1052331
1447126
1622500
990363
976877
1005191
981395
1002285
1013657
982088
676005
1005101
1000443
1086626
1007576
1003198
1152070
1208047
976065
999340
989782
936130
981606
977359
1028776
940117
1003117
986125
1268802
996985
812255
988490
1538124
1001494
1024147
995463
1024558
1011313
1040028
1009299
988800
859455
996164
956639
1104660
980916
986937
1149947
1360417
958202
991696
983901
971617
993970
973872
770445
614318
968641
985163
1216724
980855
1021472
960686
1018015
1478261
990242
1036471
829137
967649
485053
1011393
993048
1024478
1023125
931993
728065
991866
987768
1000662
965305
1168061
1385775
989130
1068993
983680
1008698
973561
978770
564092
686796
1000281
1132845
1014709
1041259
973111
996926
1335941
1024769
1022113
1044597
1012716
978841
1030940
1032843
973862
504830
988089
467930
1369463
1336907
1667305
1772560
1032593
1683200
1524127
1753413
1663402
979813
1065226
914910
662620
968712
982258
1041019
1282935
793153
958122
1128285
959464
914489
964103
993679
1001945
936881
988620
1119979
975244
1007445
999881
977147
968311
834687
1124538
1408358
1642753
1594220
1528166
1625030
1352442
1129648
1184543
1392878
1260616
1832795
1563132
1027734
2312972
620620
1270279
1461409
1715462
1654886
1685404
1670916
1676488
1694161
645597
1006644
927453
713487
1007576
968762
1122564
949556
940067
990143
927133
963552
1051980
979042
1069975
977318
1000442
990152
964904
1068391
1065135
617274
983770
997637
1213643
1009900
959825
956799
965606
972740
1000953
1137944
924418
978671
970946
992768
935538
940358
648233
944065
951589
969113
967019
983991
970736
960766
1111719
1067925
928706
592827
1027072
962470
918847
1126933
1080644
940739
941770
931952
923306
938755
918145
937322
1070305
944836
988966
992778
945567
930128
1038149
1089812
986631
998478
535037
999691
666216
1021232
980774
956889
1193489
1547312
769634
1023937
1015922
1011523
1041666
962511
997687
919519
928876
911302
865566
933786
932233
943544
938243
992256
1028055
963031
953593
564183
934277
924959
927033
998157
1142022
1003092
970585
965907
927553
978611
962510
929478
884352
1095203
971648
972909
705642
949766
905282
1038455
938755
961568
986135
1214744
967660
664263
979262
917044
913968
928406
1022294
1058669
997897
957761
948353
941079
930148
956969
967179
954585
1009249
933725
939767
1083981
972619
931111
1064955
1164864
956568
1150262
933365
945417
1229022
993359
989512
986315
1001124
691235
993008
917704
991896
1110471
1078551
1133065
1042698
959855
923195
929588
1092151
966217
963152
925690
956438
934907
926622
947923
1033876
1199651
947241
1607116
979763
988709
647210
909760
1022664
992717
937242
927283
894280
988059
936200
921692
926541
946209
981857
1067019
1137372
949316
978611
961368
970244
926131
912815
944646
943464
934316
913847
942131
917936
1003193
961869
912395
949786
540127
794139
881416
945768
905461
895633
960345
1001865
905482
940177
939446
942272
932884
917534
952921
1087558
950127
1463312
1041952
948103
942141
969453
943053
938916
941881
951258
942913
963922
1113152
965275
932683
932402
924147
1367800
1079252
960175
1041330
441209
927924
920760
946029
953272
959254
916994
950076
964273
925430
569132
994842
971667
947321
993178
981867
946350
967350
1291806
557490
483700
902456
954625
961067
950738
968281
947933
1097125
970244
987718
964113
1018798
983881
1003088
1018827
1529018
942241
918938
869173
923666
907125
524136
949656
980084
1008228
1002245
924829
1007797
1008889
696064
559584
1002816
612875
967579
1002506
942472
940157
919018
915691
920900
931842
1074668
1078350
973351
975605
1674223
1019769
1011213
976066
1035309
687717
500642
545277
957120
952461
929488
937012
614078
1013948
1090658
985745
949646
926712
996815
952692
909639
1060075
922423
931732
928906
905221
878079
926842
927994
495322
1080809
1196475
933856
959564
560526
1012224
974242
927583
1053694
1106965
919779
933716
940318
958542
976627
950267
945768
1009569
963121
931541
913317
939837
990863
924457
985974
1016643
973772
931491
955727
569392
948223
964794
934106
1011874
939947
529096
913396
950788
900312
1017325
1124508
944977
1014799
967169
967890
952962
953363
924016
953843
950628
972519
2063353
949566
544095
963562
1051539
994571
657400
924919
1042873
1094590
470855
955537
942812
940348
956989
938514
1017455
956709
1013306
903438
905212
938675
1008057
1099150
1004139
946730
965917
655707
948895
940909
919468
938024
1060612
969168
947612
955005
983430
926362
942993
1064243
1168391
979453
475123
992327
704649
973100
585433
961869
926241
978942
988159
986596
947091
942412
941801
954324
1053924
1059745
981466
980885
990093
974133
514308
945408
920461
1110581
954646
962621
998037
915441
978190
935699
516461
923636
614358
1126893
912194
965345
910030
978049
939506
945357
1084662
1050357
975746
930890
930389
955006
917705
833264
942261
1009670
1100352
932904
995302
950297
963853
944506
772840
1038224
964453
1008267
940769
929357
933515
960987
932573
1032684
1017885
1147942
922634
1014710
940959
944266
995413
603107
925420
928656
591545
933686
949275
965145
956279
930219
604720
1007155
1027654
964795
955637
959775
986666
956238
975645
912615
947231
913947
524016
953062
965676
961057
991034
1118046
1004790
1036812
984111
994982
951840
954936
966728
965266
901835
1078091
971187
975776
979051
956288
976937
989271
970365
1273892
546820
950718
983120
985343
972800
980143
992718
962009
961318
964944
1001324
965165
967921
1254485
956829
977659
634928
1124308
967801
995122
992728
1005362
959765
603708
982879
966929
994761
982608
987056
973371
999410
964003
974603
1032022
995272
958803
1009880
1137332
933495
938605
984562
958412
960816
1000753
946049
994461
1319234
932583
910421
1187237
1187107
860026
932703
941491
953253
947852
616893
921342
632061
952221
946851
955668
640167
1031622
913025
1064759
1431552
990302
1084296
955617
1153383
1448649
611212
995172
713677
960988
629367
996355
999571
1021702
980093
972869
987598
1588580
1042462
978932
1369524
1060035
967349
971637
1004850
1008678
901584
938324
764895
980304
1014730
983289
1473882
978631
1027804
1010812
1103548
525840
994831
993610
1001835
961699
974112
793108
1004330
1013357
1001985
1089126
996685
1191630
990173
1083710
1213477
1017365
1019438
990824
974152
963952
973931
956588
1010431
997587
646799
970114
1395333
1042142
1039897
1225240
969664
975915
1101980
1040914
993078
1045819
639636
990553
1245338
1001875
1009118
986867
1555869
987117
1090804
1316949
974723
644025
501984
977559
980223
977228
1018546
1019208
984421
981346
972750
976086
1458554
1017544
890092
1020270
972920
950036
1040739
981446
971918
968081
963241
967179
967890
958522
1032083
1003588
1187403
1078350
1315631
987417
560836
970224
973561
1024027
1000281
683820
999060
1004060
1001890
1090283
1010060
1224418
1261218
1002767
1025200
968792
966137
980915
965876
976016
952972
978390
1064153
970695
999040
1017966
978080
590853
1217926
1054380
1129342
648223
991476
960847
969023
1057492
995162
984171
1050166
981466
990823
965726
989531
987087
1435880
1044285
1063562
947100
1171312
1080364
946750
1031431
951950
1085439
985273
973631
998088
992758
988629
997176
1589172
1411639
1018466
947692
914910
995923
990543
933514
1038163
1003888
619077
568340
1002436
1068351
956619
981917
1383150
982829
974362
1017265
963321
956218
1259339
983280
963412
941921
963082
800497
1021122
924548
963332
988229
1515110
955056
572569
989772
995964
1042932
980264
979281
990232
1426272
542993
971006
968181
834948
990995
914699
1085464
1855222
1383752
951990
943814
1003347
969213
991555
1018707
983500
950277
993268
1057190
996755
1011032
1042813
1607011
970645
987067
1016818
682367
639495
1000352
974503
1107566
954705
948393
948043
1047011
955937
1010762
947762
1605753
534075
963512
999420
945748
963983
965516
982659
1147312
1050187
980354
1017674
1009519
977719
966888
984151
1630229
1015912
1033696
958462
1020510
991255
934948
1154570
1017825
957561
1026662
984963
758412
1012184
834427
1108468
1200472
993909
973661
973351
972298
981266
576005
1151654
990774
995673
986095
979382
1453814
1013006
994130
1578366
1057671
962430
980344
944736
966037
982679
1042803
990123
521071
985083
1030049
993018
984231
997978
971878
1096244
1329563
1035820
990052
973221
939757
972108
1282038
1463252
1551830
1528486
1586446
1624539
1861419
1802508
1701120
1010436
1322820
1293018
913426
963202
963913
967639
998077
687998
966588
1221923
1410702
953523
610711
993980
590963
982428
1014479
1028245
991325
971497
765896
1002185
555146
967319
1009059
1120040
1000502
1060165
1221172
968842
981456
946980
969323
966628
842287
1011915
981125
1009199
992668
988449
1008437
1009298
1113276
1070636
1066789
1012706
759965
951900
997056
1340127
664082
974974
966117
984021
1045288
904309
948784
1145237
1000492
1067840
1506555
1211744
969102
995483
1015050
964574
983440
955046
992127
997557
808607
958552
1042402
976847
957020
1550077
977328
998228
1104199
1248685
983791
554084
966538
1004260
1043273
644967
990364
1075947
640888
1002586
991044
1273240
1017225
989732
980625
896133
959785
992026
969613
936701
978660
977348
1044977
1022103
956328
969062
1044697
1520641
994862
1048223
1048198
982899
1006273
994381
568180
969043
1012936
960496
805101
993860
993900
952421
1008859
904890
725709
1003668
1113141
1007275
984342
1023907
988439
956118
583840
659514
956389
1155667
985834
973952
985483
978690
1564234
1012836
1063562
1014559
647421
957530
1010181
987678
996294
1016152
1166248
923977
1058853
1294351
1407086
1735720
1686747
1018496
2658315
1287193
1416028
1925441
1740720
1715772
1869243
1041751
1732143
1454125
583930
1019955
948143
1039686
940358
1196535
970515
935238
950046
903869
914199
915030
1005722
930620
948764
921763
948173
408386
899510
925239
896675
598268
633113
1016432
937252
921683
993809
936010
914999
928926
1297693
1092126
1043204
963082
949596
974183
980575
984252
957531
1041570
969964
954044
988961
983731
952371
969514
1324854
962660
542782
920901
925259
919298
919589
938334
652460
745938
954174
1209590
1419589
1023496
966517
946119
711703
1356309
1016843
1018387
949575
912515
927724
972389
1648179
1640931
1725040
1733707
1678672
1322835
1695013
1716413
1004019
1676587
1747973
1760377
1930491
1868513
1903854
1702026
1661309
1104911
943904
996655
989782
1063477
973812
949796
982438
948974
988590
958111
1017264
972308
1531582
1857441
1999561
1978692
1249977
996405
1288790
1602177
1444587
1079212
920570
1359445
1064253
544916
998669
1125981
967980
968802
966096
928746
1217034
772008
1183640
989190
916533
1106474
982187
1652982
975074
1029868
1027915
952892
1126483
1465276
995593
949836
644135
990674
931962
980485
969343
982508
1353404
1214279
1006905
983219
1016943
1425750
1004019
981476
938093
950667
915611
957591
931531
958823
943314
946399
1404801
1051409
955076
972378
943244
954845
931381
981036
930910
988539
1013086
506704
948363
1065922
1036456
1040818
1058323
1079523
962731
950056
626652
934116
984532
1038845
951649
945257
518496
649505
932674
956168
510621
659464
1230420
937973
975495
1485735
1500954
1054244
961078
968993
929337
948303
1004710
940849
944516
976316
935599
931562
946279
941109
951529
1453363
555546
977208
957050
731450
931942
578149
968551
923767
936230
946891
1024468
947832
924608
934928
950818
942802
1016122
1127965
1046896
521591
983555
937453
965305
947091
906704
946049
934968
960757
953412
1466128
1397587
992557
1033785
1184772
985664
984202
1223902
996178
1022494
657060
987347
986376
982478
668551
632662
997126
970465
996214
1007806
1552131
1258903
496745
1033655
982528
990123
985304
524467
1006954
955838
973731
974062
991765
983941
985744
977619
1222425
929537
1670656
951304
988239
972960
1049906
972138
992207
659354
1293389
1221903
974683
973320
972930
1225761
1235970
1023566
999170
977588
669323
782187
1005312
984562
1108137
998779
970245
1055076
1003999
949285
964544
1074222
1362600
957891
1017314
973391
733836
950247
781015
982578
992427
1028506
985914
994141
1013748
567689
1003217
952561
1309069
1054645
1213778
1488490
1533937
1530871
1531081
980955
1076483
1014178
1003729
970805
1004340
983730
1344777
1007826
971247
1005392
990363
990433
1017113
934327
972759
999260
960236
1000182
939586
675073
921452
920991
1300162
803077
971447
969864
969964
979372
571437
898028
998088
986996
1086706
965897
971928
970084
984802
968611
984051
981767
985022
770926
1010962
990643
969814
993379
960005
1213678
1162851
997677
1056108
993018
976056
1019088
998077
1872400
976377
1046780
991214
981627
986316
952962
1063602
970094
989912
955677
993168
963442
980865
955016
1205653
1063753
973541
951489
974102
1006194
966909
1001955
1192598
985463
1012175
1000883
946800
957971
1006975
987678
1164304
1052341
933234
993138
978229
981305
1008478
983721
1039777
964834
1017825
998369
949506
1028916
1001494
1270326
989662
1283921
964965
1026001
980013
685112
978901
1219258
1080044
999791
983400
965426
987457
966307
1054906
1009670
1404365
1156969
1034216
598538
933745
960116
1309008
969974
981786
1002606
941229
990624
975706
991335
978560
960477
1798859
988700
1020340
990974
982598
968141
612615
959014
955547
965906
1050747
1102015
956108
1004099
918376
972519
1500513
1003708
988750
965306
942643
994090
1020209
595562
1007416
997286
976015
1006204
975024
1030559
981175
1009800
1038244
1216343
971718
994100
952351
1003107
990072
983230
1019007
999711
996033
982227
954255
1066859
969293
1031351
1532003
982368
572930
1062190
706673
1046525
995953
962841
975124
989852
999230
994190
966668
1129268
979052
986025
991566
629006
1007736
985724
992397
599039
958602
930749
1048794
529708
1227543
1008808
969854
510931
953373
730739
969023
1008658
1064228
1287840
957771
922564
979592
989071
979091
908087
1004540
974764
1010421
955126
1138084
989441
993780
963893
1540098
992266
1051800
1196004
1006082
953353
960666
942733
975835
980524
1023726
1057701
1055106
1027273
970014
1033535
673060
973741
1012295
1357492
1015130
1010210
987648
958151
1001144
973722
948894
1027143
1020180
973661
979433
1170225
1289722
1402752
2035169
1396220
965526
1000963
1049074
926782
1023956
982569
995052
986776
943654
1070415
1035569
984352
1041580
1007946
999761
935358
989111
994020
947412
1167084
1017815
971988
993339
971507
939747
559985
1223326
977579
1046901
1000904
976978
935990
1012405
1005742
968200
719848
940939
1080790
983960
973991
993228
978249
1487018
1026932
1020621
926552
991886
971808
1043003
972088
1003377
1029858
1171478
978260
1006023
1014629
987778
1189332
1383346
995363
974613
1009459
962600
1002406
1018316
561217
1091194
945287
988490
933524
1070716
746980
1009690
1190253
1537618
1049386
989922
1012035
941751
1007045
983449
1029307
997306
1130109
977259
994541
988590
991766
937192
1576326
1116839
972099
959124
957951
983991
961759
1002896
992347
1000112
1120912
940719
967590
789601
993940
954775
1178661
1007055
1022034
983029
950808
938875
974242
990363
686315
1142908
1034778
1004049
991405
968762
990133
1001293
1212385
1061227
1042853
977949
1022224
972208
1039897
1000633
1178351
1021382
1008798
983641
797817
977549
979613
1000623
1322594
940218
1025490
805602
997677
1003909
994932
997977
951008
1667961
1004439
990543
1007305
978972
985644
1243224
682758
970555
1018716
970235
975766
987247
1021382
951138
1200773
1008968
945257
960717
1002235
964284
958392
1265406
1203023
1000142
977078
831110
992347
948483
901253
1196369
1746180
1561279
1607857
1596856
2223328
1570486
1639928
1615291
940759
811633
1017454
993579
992176
951009
971307
973010
974152
1003278
1671379
994681
1014018
1001544
918076
994120
963793
978070
1002576
1006904
963602
999089
578951
944636
981386
990213
1273627
1197111
1021582
991105
1015330
1024458
986385
1225631
1012124
939176
999781
694650
986586
1001744
1018447
1000712
1426266
931671
1004560
994421
816983
960466
945147
1095002
998438
604900
1013006
952822
914168
923817
953653
974363
1000062
1455427
1073651
997516
994120
997697
966167
984472
1017314
1208157
992557
1211443
1007215
981967
978471
984471
1016523
1031350
998047
1050206
1017515
1320686
1016052
989041
962520
929206
1063828
1039426
978570
944095
977940
1269244
967680
604579
959815
952100
912546
1043724
965105
943825
1031801
948002
550988
957661
966938
973520
1010371
927965
1137512
1206704
994331
987968
933796
1183330
959534
978631
967560
984452
1038936
961328
532642
1083119
993649
986606
1009750
1344376
998048
944686
927804
1216397
987508
695523
979101
978701
1000953
976276
978250
1120720
902095
992467
707545
1117896
1047812
1017635
1025069
1098684
768752
1044205
1017895
962640
1013367
1001655
967179
1040548
965687
1028676
980334
905833
1138154
718977
963221
1453744
1069509
1417485
1300553
976006
978331
947492
1260317
1012876
938164
988489
1397116
1041180
1015561
1114860
998328
1079206
1052681
1005572
992337
1321297
970505
979252
984242
1009359
972820
1429057
993178
1008127
1138906
1132633
993499
1021152
984482
962260
1110481
961678
1005712
975214
668621
972829
966298
1384392
1107185
1053383
1024698
1030860
990874
1019839
938484
985474
966268
985714
1009389
576626
987728
974313
969724
1334658
981727
1009619
1011924
993039
1004670
992668
594881
972368
988109
1020431
1203989
602866
986485
987528
991034
1256458
1264484
966007
1063352
944055
992948
944987
971918
984752
998809
1008477
1028205
500061
1003277
989862
1114048
1048203
1405272
1055377
970535
1010081
973751
985954
973631
978841
974673
1218126
980434
597355
672339
957631
984472
1020391
1419759
981016
1004389
973241
934868
983419
979542
580203
979282
1176948
1186566
999701
1015931
942301
996194
1008668
1544116
1005562
985895
990253
917674
960156
1054034
1358052
1300583
1006373
978200
1000322
853112
975324
841030
1655578
973501
1178371
1024007
984562
989902
984853
1344867
1650979
1449536
1806169
1049305
3048501
966728
997958
1678211
1398369
1298048
1134808
988279
938715
1136331
11623887
1620842
1697347
1678792
1631832
1620621
1658884
6415107
3725123
1675215
1633296
1597647
1666148
1643174
1623036
1654977
9824328
1668773
989231
1596656
1613297
5474494
953603
971096
602125
1016092
1300763
1573201
872639
1690023
1657251
1687608
1673151
2078377
985694
991655
1072790
437682
1046560
1030400
960987
925610
937513
902937
958272
889822
700462
921442
923676
891866
899480
937723
933094
1006995
1228311
1084482
1099861
922724
919799
971146
953433
923165
1027794
951489
928456
943264
909779
890202
940338
916021
567038
938564
1002365
1370907
933044
950858
932022
953903
485813
943855
947151
949576
941791
593358
478540
939085
964544
946740
967029
998268
1007886
1121903
949916
984783
926632
929367
961348
991826
948324
950718
1054475
968792
520009
969323
593589
1003368
981396
848083
1556870
970325
976627
951299
952481
946740
1030759
880053
929878
967800
956178
938614
969573
964423
947842
949636
990944
972088
956469
958292
1011874
950026
947502
1029123
963076
988520
975555
552781
977719
962570
997567
815441
970505
566658
1632885
1002066
1052952
981206
993729
1032413
1061098
979182
978350
880003
975595
541620
1050357
987358
981065
977789
1060266
1080975
965175
1013006
956829
983620
1144636
961528
967609
951710
946620
971377
919078
958242
1049896
957240
977498
985784
934246
960266
930298
932002
1013858
576836
925650
878561
984321
943253
953944
964995
1024999
959865
929207
1259365
1148844
1002005
958752
979993
910390
990223
973962
992928
963773
994240
950918
937022
961829
1284618
911273
928185
1601996
459654
947271
922504
905372
1031011
955076
967089
934146
908688
516141
942301
881115
940108
541890
939025
699059
861268
887758
958231
968551
946139
955377
981837
944586
940188
934928
932433
939527
967920
930870
1047097
975175
948543
918777
1101013
1035018
1094191
968681
992317
968642
961348
971497
935549
941389
912174
952090
959584
955136
927774
1251679
1241921
1218647
932794
973190
936821
508888
912495
905462
1132394
955537
929207
918266
851429
928646
952301
930379
954425
1240779
702786
985744
717575
1023726
993819
1003799
974673
581205
973161
980204
1026321
987367
559634
965105
965646
978130
1429414
1208533
1008327
1027093
980764
974864
971057
1030479
968882
1003989
992036
1283571
1097597
942282
946249
1044741
1428546
537121
1087217
986104
606423
1008698
980955
984572
955968
935228
1039797
1146981
979713
950217
959655
991425
1031321
1062410
963622
1025901
922013
938475
988319
1092387
999801
954184
649175
959805
995743
1044456
974983
982518
1214108
1152922
1003177
986165
1007977
963311
1004439
970525
925049
1025620
1024007
912555
999540
989311
995684
1014839
992507
1053113
1038174
1027293
986004
931391
990092
1017715
992317
670585
607295
1025530
990904
978310
994170
960446
1015891
1117134
1371728
988549
1013477
957971
998519
1019018
968451
1017044
975134
1005481
949796
997436
967059
991335
1011533
1546951
941360
969403
995001
1010501
959404
1000202
1084782
1000713
973300
1012334
977488
978701
1011262
973260
1131021
1522906
955807
995122
951609
994351
965195
962029
945167
951178
646539
989100
595041
988039
971377
947812
1534788
1252852
1021186
984272
997606
910711
995824
959454
1215231
1003307
968381
988369
958863
979002
986055
995343
1012986
981627
597567
968141
911904
966728
980976
917735
1289612
996795
989431
1005371
998569
703769
1004750
1010281
999039
870104
1596645
510601
981907
965436
982077
989572
938855
967560
1148633
983340
981977
983209
971016
979021
1047141
1030399
1547392
1002907
983309
959384
971046
1139607
993979
993729
530649
1034417
961068
1003518
973081
1003578
1370201
978660
1483355
967459
952151
965736
968341
993008
1061478
943734
955747
1001684
1020520
948113
1289166
988960
986506
979798
1350689
992518
1013607
731876
552851
1056844
1109239
976156
978460
1054656
1005362
625790
953282
1037823
976878
967400
1447794
1007486
1036711
1031612
462059
984582
1008438
1018606
1068076
1006173
974522
961868
968521
987808
922314
1010772
969884
1095773
987417
973501
979502
1265376
1075706
984181
933535
635158
921482
999380
1000142
1006434
978802
992407
1157000
1006153
1002045
947872
1248449
1002226
999130
533624
982007
997065
1034046
947712
958553
991045
976146
1019128
1147232
1304651
985704
1208127
990403
999240
970114
963502
953283
1002005
985013
1001455
624708
1016282
1136420
969663
1098599
1025680
991825
1003829
998158
1120891
1705282
1735651
1701706
1693309
1760518
1718066
1749186
1728276
922675
1017565
1262450
995273
1039927
1083119
1024037
949665
983309
1220791
1528516
1833521
1597923
1552782
1668202
1577008
1683020
1715702
1050868
729757
1014329
993249
979973
1347221
1175340
1014188
971027
964785
980865
964404
959183
954184
971176
988209
972950
982127
1249976
973410
1009128
1378902
1047932
978110
979472
1043935
994090
975695
983881
954054
960285
1043925
953322
888419
993800
958583
994782
960767
1117495
958303
998889
1174393
1001344
553472
1038705
983680
634036
1010902
986355
989391
575164
1024448
992708
995202
1009600
1286111
985243
1183220
989221
995613
990924
992778
965756
994952
656238
717715
1185529
1016563
950337
642772
980795
1541812
948283
1010832
1097737
984902
955958
944646
970525
939566
1014489
1045137
1128731
954685
996825
949816
1087909
1392958
1042592
1130861
969875
984713
971107
954495
970104
987387
1003378
996555
976247
986406
956218
993579
1284864
987297
1033355
1001855
2129824
490182
1004955
964434
1016173
930058
1015732
987106
587668
1002847
946980
991425
1490644
1289608
985554
1001855
974754
631762
942943
986906
935058
988279
990243
988379
981396
1051930
954144
954124
1392137
1264484
1100232
1008478
956088
959364
973371
970766
986155
1770762
1669935
1294441
926121
962430
967820
1328957
1137593
974323
987097
1018687
1027774
986666
931340
1012786
1007786
1024918
966126
633344
568521
997366
1079603
1293078
964955
973401
1001364
998348
971938
873641
1039296
1109450
988710
1015892
1212681
1092752
628996
1045388
1410582
1124599
1024919
1085624
1104971
1054946
1045277
1017014
1247838
1086887
1067851
988579
1057771
1093749
1022624
1559394
949265
1010481
1000723
1025960
940148
1012575
959214
1079642
990904
655867
681516
991906
997697
955367
472168
501945
1439237
1071858
978300
1006203
996866
980995
998379
1089862
979132
502506
1004099
1000613
1003107
945438
956088
969182
1319720
1159404
1005341
1030259
1011333
962339
979202
984632
928676
1026362
966909
948093
544005
958452
1010251
940768
1172479
1445899
1003108
1024338
1005893
1002316
924658
2216223
1003488
936550
980624
644396
990132
968341
1013797
690312
909600
1054555
992547
999240
993329
900412
1065661
1002917
960546
972379
1285469
981386
1011383
993910
1025189
985574
1554776
1108478
1094100
1049395
1326732
1097186
1052311
987778
1063422
1019308
1023206
1075735
1248624
991004
1436331
1284442
1127334
1081126
1021342
1500834
1235118
1051309
990403
976888
1054270
704193
1216292
903864
996344
1409800
1013848
1028476
1009389
956548
1291095
975674
836651
984913
1007866
1001445
987788
988900
985153
992097
1500102
1003428
951790
1017785
1003528
982277
974112
984492
983370
968151
966628
981155
954815
1017074
1144867
1006874
1515691
676847
1039306
1025009
956779
1001624
1108933
992126
967730
991886
996084
952712
988580
967780
1058041
1018957
1565311
972740
1017906
969634
999541
1243690
992277
962951
571677
965546
967830
1008828
982919
965055
1177228
991214
1086335
1007876
1078150
1004891
955006
991525
1229743
1058533
1047983
1009550
1016342
1004550
1022554
1072549
1049716
1145358
1151539
956659
974863
950287
1070285
1005261
1007355
1006954
951259
994180
1008558
989091
1065766
976797
990523
979162
1135279
1027484
985904
1215571
995724
974933
1041601
973511
1018106
969313
966608
1084092
990102
595923
990975
1450659
1020571
1054214
993248
1020490
1000723
1018597
1008197
975825
1024578
982468
1149114
1001404
970696
976527
1463323
1045809
991195
615430
967870
988199
1000031
979843
969313
1250708
1005301
1120680
948223
963152
986005
976847
1520140
1004670
1010852
989511
1178580
971498
1014559
669573
955086
1018987
999110
999490
1047091
996515
978891
942612
1576718
1084657
513948
1055607
1256785
1126131
1617626
1636562
1123947
1368612
1199190
1568041
1489061
1563829
2361235
1210375
1790930
1031131
2004281
1650649
542170
679572
1144326
1041962
1660387
1621583
1606885
1302256
1118547
1217395
1760557
1249535
944997
985604
1938014
1269583
1195172
952341
1001204
944917
929948
933344
862100
927894
899751
939086
1083039
993629
969995
915561
937693
932954
1484913
947221
967550
950818
932062
947281
953864
929547
898217
920871
1097757
926993
983199
942292
921512
941590
1023857
960215
1022234
981405
942682
592837
961187
953653
951910
925660
936610
993159
558171
966508
963472
968612
1036761
1104430
988309
1252090
973691
1114604
1078932
970355
916663
919438
965506
941400
911483
920771
945117
899140
904339
924027
945608
1180886
962590
939095
931891
939135
931381
957300
931992
981406
908928
958262
951940
906203
908557
943254
932803
931892
1107986
507675
935469
935499
932252
928335
868812
899972
939686
1131782
957942
780814
988970
972038
969544
930449
978560
1044877
533233
937893
654184
981686
985564
951569
953894
944617
1184673
961759
899120
932142
942532
931802
929096
922043
1393660
676877
947943
716643
1017144
966698
926302
965185
1006283
949605
916242
954234
924197
956238
950698
922113
958663
651899
1169974
940167
925058
943314
909249
915050
1142913
1155918
963001
919539
917595
897988
988444
945037
942382
671476
1031030
978901
938384
933295
981095
522393
942241
975815
593087
1003728
939657
1069473
952391
918386
945668
889902
968352
951369
1043484
1095764
960135
514098
931241
938074
932823
614057
1000503
954515
957560
938845
956458
912114
1002626
841540
918566
1091586
982598
974002
982328
951679
968701
882217
984532
950447
945748
911643
954936
949756
966618
786305
934157
624167
953613
1108207
807305
966097
951459
944185
976647
1014640
992307
979212
944396
953533
999481
895734
959825
959675
934447
924338
1107566
992076
935398
1008337
961258
1013216
971346
968972
953232
909990
967870
944867
964184
949124
1042717
975986
904590
1471067
1055087
951119
466056
947411
890553
1017044
940569
579622
979422
930739
936951
917314
993920
943574
939236
895563
999084
1070646
964755
993258
1011934
1062991
917565
951008
947020
946871
921703
1052441
1005902
1020700
979021
926993
1462516
994200
530208
985744
962530
987798
947151
784181
965115
543043
960235
961789
969944
971608
1024919
985984
958683
937773
980574
986295
973010
1007115
538734
978391
969634
949095
964364
940769
1023927
990985
968391
992457
1037357
975565
897857
987087
976948
1011423
677919
984422
998348
1013167
964764
986676
943995
977799
986716
1633701
1006163
966919
999130
1239206
1001183
990002
989522
1067249
638744
1000262
972088
995292
962149
966287
987187
960917
1315431
961178
992668
1496831
1007095
1009278
979823
1146831
971647
1009770
969644
999080
970225
1003418
960517
1016533
996064
1043584
582217
1384603
973661
1032002
1021522
1235299
999200
988289
960417
980224
939958
1011313
992447
1021392
1006855
1007856
1153122
1154545
954365
997086
977980
1102171
1029949
943634
1042112
959805
986806
649635
491705
942773
969533
986455
1036220
666787
1124147
985624
493148
1004510
970435
1008187
959143
968241
1152267
939105
998479
997677
939026
1036856
994611
538854
1007936
1186877
968281
965887
989822
1005000
985484
974432
993529
959524
993699
1003297
952962
1008828
967340
760992
998328
1500433
981286
672359
955517
1432163
1704331
1433856
1165245
1113267
988619
559504
938073
733385
965175
972720
1586496
1008657
993178
999620
969714
994761
954424
957190
912235
1001253
1004029
1150878
985975
1015100
999370
1102536
1388250
988770
1028596
917916
971908
981296
956549
969854
596515
989071
971367
1212295
1073701
1023706
1032613
1225451
1718562
1252031
1020330
853984
986956
978971
976797
966247
952401
941239
1134357
1067489
992096
967029
954995
1202847
992297
987558
1068933
995934
555106
1002025
973572
996034
942052
977418
603177
1020651
702185
977548
997526
992416
796724
1148062
1155451
474142
964554
672939
962430
1015521
1008868
960907
997416
685023
980574
971478
986215
999330
995512
1046820
1168151
1127153
679712
989121
974443
975064
973942
560977
1026782
1058568
1003328
550777
918907
996505
946239
976928
1236431
1364144
883440
972880
950257
972640
1025480
938314
965405
974012
1271924
998889
969454
739175
936982
982779
1497938
1017945
974503
1092978
984913
976897
965675
986686
943845
1008758
996164
970295
989040
1002496
976587
1277845
1499457
966027
1054846
998829
1021753
966628
994972
994371
1004630
965445
932794
977128
1214274
949245
954054
926367
1288876
945938
996154
953724
1008607
962770
1002576
1152521
1010371
1007345
910772
1000242
711914
592577
937483
992417
1587769
954716
942332
1009479
965937
975445
966278
958743
1240448
1634879
1585515
1651349
1604801
1576578
1692709
1030038
1388314
996314
1044667
933535
996555
976286
1023587
979322
1019408
650477
943053
1450478
1263432
997176
984342
1008237
943214
951649
985314
1010622
940068
1007626
999200
894721
988670
1006473
1405407
1052256
1040137
1018036
993649
982668
994221
1010832
985875
957180
508577
972519
1071697
983661
996224
1007787
976306
1387929
1022464
1052706
998709
1009960
1035630
1104700
1053483
987968
954425
1012415
965936
984803
983800
1012776
935839
616472
1068592
954816
588489
931441
568040
919207
968231
930269
988920
1045017
1017895
988680
700732
948093
1101855
956619
926332
1539948
978661
995834
1020620
977859
1435063
1007075
1008688
966016
959634
981306
964043
1003869
1015602
980745
1527975
899962
1564515
1607567
1755308
1625150
1627725
608216
954054
534877
1005562
992157
994692
1000522
974914
725219
1002506
644265
996515
1160026
949726
969102
974112
976768
979362
1015110
582838
1002566
1027414
965716
982778
1666955
1014800
1006724
1000823
1005011
1244295
1018717
982819
957771
989361
983480
936711
963181
954555
929407
1111423
1028616
640057
1165396
1018396
1004800
1046199
991956
1136381
968231
978090
987447
1319764
978821
966498
948523
1556965
937743
992888
999551
964043
964344
953523
974102
1010381
1034096
1011774
998719
987337
1012385
971457
1057652
1261829
997005
1059154
1040729
964613
958232
990523
969734
987738
987568
988149
1023065
605211
989331
955136
966417
1267195
992642
1330410
998829
999942
1013156
997226
996144
1021633
976587
1015200
1036070
969814
983049
977870
1471879
1009529
1042522
1060195
1005071
976887
964264
980144
964363
1037503
950978
1160757
879443
1049706
1101375
1124177
1372810
958322
950206
1051079
982458
625560
971076
994851
930128
548352
506893
958814
1381292
1043223
990623
998959
973221
764012
1126371
623515
1049415
995212
984772
1012505
1018978
987788
705992
629402
1001695
984071
1028586
608267
986526
985534
1647773
1003548
1043424
1118386
951980
976767
1010271
989782
982127
552681
1001735
1050507
992798
978400
985073
943293
1531011
962820
996414
1022114
979412
1006924
982818
1006574
983269
995543
987758
1009680
944336
979412
1007656
964825
1483972
981096
1039407
975004
998649
948523
1006153
982498
575524
1100682
644756
895182
1013667
1030308
991355
673641
1334187
692076
1166563
1083615
962871
746589
991556
991125
959715
986135
1010872
1156499
1127123
907025
1011964
977739
1253393
1253103
985464
1075164
1044276
995002
992487
927754
989522
1134387
1003699
936891
961137
1004720
993889
992287
1431136
985263
1341736
543684
994972
909289
990213
975735
940388
1248889
1003708
1022414
973551
1024638
959485
781195
986175
1168782
580834
1012725
989431
976396
986024
1014068
972850
1027684
1028836
974583
975034
969593
997216
943764
991786
1038124
1156158
987418
1027143
971877
960978
1030299
965095
967369
1166743
993398
979913
1016954
932844
965786
1102707
1495763
974603
1007655
999310
951078
961267
971136
970916
1012615
744155
969924
959033
969353
974503
965927
1043574
1335390
965897
1009319
1008378
954495
1008016
948133
977248
1096495
976386
946770
971927
979953
1009429
1244781
584472
1165987
937963
975625
1035138
977910
970986
1005181
1079983
1010592
1002076
959144
988860
973210
972880
1026361
1338595
1189137
1010040
1017685
1010642
966949
1013306
1043374
1145478
577438
996755
1000613
1019358
989401
973952
996365
1796666
1023165
1095612
1003017
1021633
1002486
985063
1045393
985123
1014068
967129
1039156
998037
962670
1004640
1121262
1073090
741780
958463
801404
494861
1007375
966398
1027032
1001525
979903
977538
985794
1027504
981736
1181517
882958
1083980
1133004
1007526
567038
958843
994030
1026151
987768
1046580
1271793
1456340
570905
1658298
1008067
551268
1015891
1793079
1810442
1639187
984191
1454685
988049
661067
1028986
915440
971577
1291345
1313909
996785
1626252
1688951
1344035
1174373
997207
982719
976156
979573
974272
478590
990282
988520
535078
1016764
527302
1014679
1693961
990403
1039597
1109079
967500
929658
979743
963192
979953
972108
977779
990744
574322
618516
760832
976536
923806
1529839
985584
1007045
911523
951299
909359
950728
925950
942052
982609
930540
959775
927744
1077348
947541
920801
1090183
942271
968362
1005542
636019
998729
527152
945317
933404
934046
929818
945828
1027633
967048
1017064
988755
1001244
966518
950457
963332
1371833
1013477
945147
1019258
950387
962760
969504
968572
1131291
988029
934537
1039116
938344
1084973
1001283
994130
1095894
971137
587367
931611
926943
701414
957992
954215
1001855
951880
1159264
987488
973792
987447
1042462
963833
1003818
1022635
989662
996334
996915
995152
602236
986315
985734
1024628
983530
966518
982288
993509
953292
1036069
1028055
1117455
989340
553732
963131
991235
963652
959795
986305
979813
977278
1052421
959744
989762
976797
1189682
1184733
941510
1058182
942863
546038
1154386
668531
1001214
783089
1011954
983720
980655
990784
1000061
976486
985193
1397176
1097647
1008828
1013888
1005031
937883
968732
985133
990633
976717
985283
1085003
969423
954605
557440
997036
1038164
946630
945778
983450
935219
1037312
974243
993248
996915
643433
980133
953323
1001184
946499
815250
961238
916342
832132
1186481
987408
975946
967871
977960
977769
583319
958793
1065476
979482
941430
966558
965466
947802
944476
985123
1041921
1518067
1090698
1218888
651839
941160
949956
915811
896815
926141
956529
963973
962831
513125
951008
942502
932363
1211344
1302156
969934
959334
949656
948253
936841
515520
505281
963472
899360
904360
936440
956439
944386
1002386
936440
614339
1014359
1166678
1049736
960005
968081
875975
938033
947201
959103
942092
949615
979593
952861
937593
956419
942722
928646
1413148
959915
1003198
972189
961738
932573
908397
956729
950898
990663
946580
950657
915310
930469
936881
955717
1298489
1007606
963692
609479
1506435
979132
943063
998428
968241
899660
975074
1005892
956368
909339
932894
960246
938915
1137232
937813
984753
917315
923125
1057351
1002416
935068
938755
965476
963141
938705
979924
565445
988169
928746
1059575
1134888
971958
958904
947031
942411
942813
949034
983049
956549
1047837
947502
945948
984833
958643
993179
986827
1108268
1045097
973511
959885
1011022
951399
934647
1435219
1015081
978070
1001775
998037
993690
939456
683760
990343
936912
1338340
999510
1033715
960186
1032854
678990
1222865
1019358
980775
991455
997196
939757
992081
979101
1064980
1057881
1149316
491895
955297
614940
965215
957912
931461
957972
675424
938916
939596
952941
950608
938545
940508
1092837
980193
514618
1168231
936661
959213
943724
946239
960577
963572
1352177
938615
936040
800863
898128
949025
993700
922885
916643
955968
1018326
935419
949215
1081206
1000146
961198
970445
952541
915721
942262
942893
962189
940989
944336
1082808
969594
1044296
967970
976606
975765
508767
944235
961969
987027
886195
947351
945368
986505
956759
936541
1104235
946409
939396
915230
1032303
940689
869373
543824
910992
948774
938805
965355
955677
785804
675825
935609
937462
588960
1115536
958352
945788
1026381
645337
1078450
942933
534116
916283
1028065
1060426
964654
1014369
948784
986526
948593
904930
1125946
1039817
946489
939536
964163
980965
944977
928997
958673
1005391
934988
948373
962840
980434
934447
954715
940748
972950
976056
949816
958051
964354
963663
937443
963001
977178
960436
956298
940569
930008
932403
894351
941601
924939
1129708
977389
960226
977889
1015631
501243
978280
967359
1033309
983420
745538
991966
959314
987207
998779
990523
974433
950117
948093
982118
1054155
560536
1126131
997357
1039336
1017886
973591
963843
977329
977118
1001784
995663
1168928
1051364
731130
946429
935619
938645
946360
939547
963712
1021412
643995
935158
949776
922053
891685
950126
963572
928776
950548
909760
944095
949065
990703
1134487
974964
518386
953253
984492
912114
949435
939005
940619
1024548
987047
956729
999780
1122390
934557
908868
1028486
1128415
960627
975565
989191
983731
931892
958863
927734
986565
951840
1067360
996264
953263
962060
955447
944936
971847
972570
1033154
950087
948393
973872
928065
929116
974973
960095
1022905
981366
935538
960315
963341
1024478
943864
1036361
1257126
1055096
931241
951439
990643
1009719
1035789
1011323
1035298
978761
663231
1005331
999862
1020300
1003809
1711784
1098318
1027984
977468
1012936
1013927
1013146
960095
1042993
1013988
940799
944065
969393
996244
991014
1498329
1117445
1092928
986826
994481
713747
1033185
997937
1403548
1008929
682878
1011523
979874
620479
958743
1004620
1464765
1160627
1158583
1178120
1011062
626472
963312
1018908
1122009
1066067
708507
1016272
524577
1025810
992968
1000712
1675430
1006483
1021692
1051860
967300
977599
635989
1003347
1056855
1019158
509068
999260
951820
1062089
1005051
989131
1606855
1020435
1011544
1062881
1013617
697085
971307
975174
1038094
959515
1002877
989962
970936
998438
1040518
736340
1139075
1395774
970886
1030329
972088
968942
942882
984362
1079733
997457
1007566
940018
962149
974723
993850
978771
1119719
610942
964524
997046
976617
946920
961919
864604
954765
1028756
486665
984040
989381
555577
1021863
744425
983740
1057571
1497858
969483
640508
998559
985143
979422
677058
1011924
1076577
982197
998589
977037
986616
1009770
960707
1006003
1237774
1273952
549104
1016072
997858
962480
986565
1163538
1010912
1000082
977849
627753
965766
926643
709990
998269
1044927
1015181
1071046
983881
1018306
636811
985273
1118938
948143
1027353
991686
959926
1007386
942743
1036401
1032729
565064
1017044
1219549
987197
1021092
1002606
641780
1022294
973411
985985
1004940
975976
1216443
583710
985624
981407
1186737
1029368
1418046
938234
1004831
972991
952892
965727
871047
1025430
917785
983360
1016032
1012796
1002226
992246
1002516
982819
1532184
994061
1017084
1490644
1025430
584091
964995
958523
948333
1005933
629537
1000723
977529
978601
1009670
996124
1525240
1051064
979522
993249
964223
1007266
992578
1011423
965817
997697
936631
991034
978631
1111043
991185
998188
1547367
1052782
1418908
993169
1002997
1004921
956079
990013
964534
1012916
935389
1171508
1013347
933014
979652
1104490
1150989
535608
1024858
1196585
1613258
1113838
516773
969453
1005823
1021012
985133
1349933
987358
1008828
601073
1014199
1037182
979723
943664
1032994
693178
981497
1038695
981426
832092
959284
973511
1019278
980003
983360
1000161
988078
1119619
1007165
1013908
1035459
999481
996074
973431
1012084
989882
972028
1002817
771051
957350
1000673
1011363
988018
1147812
985734
1010962
1232725
563000
976016
1018617
1004841
1000032
980033
1014600
1185404
1007516
662660
1005552
959555
1442734
992217
1043254
1061288
984442
994411
1031602
1017024
610191
988250
997237
1185735
1104330
982789
1008408
1013567
705311
1048744
995804
1009008
616953
1076056
1000492
1001084
938074
994662
1008127
1037113
964775
962000
977259
1012535
1437624
1048604
1061208
1015541
999952
1046670
1029398
738524
1014238
987538
1001745
1353022
1035338
948604
607195
974102
1531863
1044666
1006243
1196045
1027203
977459
991595
1021923
924278
674392
973762
994231
985885
993079
1072099
988079
1366789
1317982
1117970
991245
938605
980345
1061048
972319
974062
1165492
992718
655686
964695
1012756
997677
1653514
994701
1039277
979232
567389
1008217
978361
972499
762089
599089
1033816
1013728
1009690
962109
1019449
933365
1178721
1246911
1512827
933876
1011142
940879
1012284
974292
1002016
575304
1358969
997938
916533
1004460
1016043
978400
1643189
1102326
1020180
963713
994992
992407
1010261
988359
803247
675094
997297
979002
1109921
1000983
957150
560707
1039677
1162340
1017195
564152
984893
1021553
1038334
979122
1037523
1000573
1310813
1751842
1054556
973111
1014329
1614640
799962
1060862
1088700
976537
1002837
1026102
990543
971126
947922
972589
953673
1000072
992176
1025340
992327
1778232
1014379
989291
936982
1001013
969654
974093
986877
1037303
984372
1015641
1009089
969414
977379
535909
988820
834176
1210502
858633
995624
984321
924498
693148
1107837
1237874
1608944
1312165
1277730
1081236
959103
1045989
1861805
1776969
2216123
1119368
2320413
1646827
1783336
1634509
823756
1725150
1321223
999280
1071528
1269734
1009700
1598259
789226
1503623
703968
1010953
981677
1012726
570144
984171
1414470
1051750
960977
1067760
831841
966368
964243
1039166
1086656
1071958
1060657
987899
1003087
993369
986025
1000622
1639397
965416
989912
998299
979583
1354656
995153
1004600
969573
959655
960196
992367
980915
1204620
976607
1007876
1104510
985274
980224
991385
1018316
966438
952712
1021312
997888
1399682
1044556
963071
1071968
949476
1083090
1421403
993419
1044226
999641
1024658
474181
1006233
990683
1008257
944696
998479
986025
995333
1026141
1408378
1310533
1089056
1007586
1025921
974583
1066307
1013387
1006253
967099
992107
987478
1000863
1011353
1375956
947031
968842
1325391
963021
1018306
479982
992277
681816
981306
989372
970776
1015751
1021563
990323
968141
1277880
976637
990844
1255297
1019419
974433
1025140
598669
983250
856979
957420
982158
954535
972098
957050
987708
1256549
949906
991455
1044266
750377
1004691
983219
1009139
833265
1006143
1044326
976878
985935
961519
987979
973351
1010401
1251485
965005
1003358
1570066
692506
975565
968792
969634
988129
984642
1159074
982739
992427
995032
971657
976136
977468
1011233
947812
1428575
989882
982108
1408969
1115521
980565
964203
965716
989251
752151
972379
1014970
1058072
1003959
980234
1368723
983239
1024678
1001224
990223
972048
1009820
998820
1174113
974062
1247382
967069
977970
961128
988059
999090
1346050
1006865
1021933
1462070
913637
1657701
1552902
1616914
1636632
825951
1639648
1650438
1498109
1036140
1045498
980755
956549
963161
1124223
991806
986596
1154886
1070780
974954
1047612
955687
1028646
1526112
997627
971738
1041901
941951
961788
1028886
960838
990644
968933
931622
1040029
978872
972800
940318
991004
1525200
1002586
1066678
974984
989041
971767
999230
999009
1008417
1033956
1055828
980935
985685
994191
990183
1070255
1380856
1221783
937693
988389
948223
985022
1011693
1019468
970255
1044596
494580
958512
1025299
974774
982950
1043174
1789192
1230279
980876
980755
503608
1021833
983911
914229
975926
939236
1056799
980565
954355
1018978
962901
1502888
1150197
1006314
1002426
979773
506823
984872
991966
1025761
1176818
1058754
977088
996485
975074
951399
973672
1523658
981727
1027083
978861
967330
969233
1005281
506133
1014760
1140308
1019248
1001765
947242
1001885
1255873
989507
1567856
539596
976467
996986
959685
1000853
1008788
964344
1277819
1016503
975214
967870
992768
951199
988589
940398
1334958
962510
998840
995654
1000814
970235
1012706
1253774
954105
1034397
953103
1004971
997867
1004049
966077
1093699
1043364
996555
980685
1009750
1012525
983481
984833
1012746
1255001
978341
995703
965626
970516
989291
953964
1128966
1357431
952772
981686
996444
945929
1003488
1021974
952281
981967
978491
1009029
962400
1001885
600933
996395
512314
1342563
1094050
1025481
1000232
926391
989783
1186706
988991
1011553
989282
990734
957360
979943
1006534
1012174
1016573
1517205
990033
736681
987668
989101
1049445
998910
953072
914439
984513
1012255
918126
984502
1017495
1021302
975054
1656911
1060993
998189
994461
1229984
1013226
994942
991555
942533
1001876
984532
995012
1031792
698217
1006745
1135479
1407426
938645
1033745
688178
1042242
736300
955196
971828
992266
984322
980325
994351
1023727
986526
994892
953413
1185635
628726
1030069
1070265
1242312
992918
1014158
960366
609589
975555
1037984
973942
1134086
1009449
956488
963973
1307015
1366739
983219
981265
980574
570775
1288480
850988
1135479
1004440
944176
967019
978601
969925
994561
952101
1576689
1639177
1131091
987338
576386
986856
804800
983731
985494
829086
1011233
977168
1002165
928375
995272
983130
1698840
680734
1011634
1006614
990694
1012284
964514
968582
992076
996134
1106745
976697
1007435
938244
973211
985614
1520160
1066654
749455
975646
944707
1027414
1056690
995664
981817
1104481
964234
626050
960075
946109
1015762
981667
1506144
548092
1030650
964083
964284
990173
985053
978381
966608
981777
959404
1036301
958622
1220486
942653
966227
962420
1051479
721232
978942
1007316
992126
1119960
1011193
1025079
1016152
990192
976307
936110
1004500
1015401
591494
935268
1661770
632091
1011163
887548
974173
964694
1035680
938635
613467
938224
1016152
991956
1363172
954395
1044987
977258
1521223
999280
962450
984161
986205
981877
1003929
990012
1139066
976748
1020461
987017
990724
989212
949084
938806
967911
1002627
982268
983009
999160
936060
984923
966839
1005913
983971
989722
988580
935610
978922
957210
994962
1424348
999981
973811
1025059
973471
994251
986356
1065686
709710
1007647
1034377
987358
965646
953524
991145
991456
1389613
1103579
997437
1026312
983420
966348
1218363
1006694
1014278
469803
991085
648283
1018216
983730
984572
1023095
973090
873300
971126
1001294
969423
953443
1000222
1032203
1210045
955216
1002957
968972
941711
950447
1010131
986556
780684
1350489
1487369
1133095
979492
977819
1167951
1045649
976737
932713
971267
988620
995734
927504
988841
946039
1173301
1263242
674142
1030699
1004039
970556
1424689
571657
1384703
1739227
1670477
1897067
1984243
1631442
1639468
1642202
1622595
1601736
1591146
1665568
1627445
1562471
1862792
1531763
1593550
1563754
1583591
1576347
1707567
1672780
1748284
980815
1547813
1303980
978240
1027163
1028867
1160377
944376
1235129
1209209
1138214
993500
924709
936662
980996
950788
1479859
1197748
942632
630890
928726
921783
937393
947041
934477
905893
935308
992076
913046
976878
962390
912595
937372
1021653
1376708
938946
964244
934307
925390
933355
928807
939065
931051
910341
909489
1049556
1178306
1011914
936962
954275
837222
1122054
955737
1164144
765515
968532
913597
913507
944005
940820
921762
906454
936821
946129
945939
940808
969283
1106393
967489
1001915
1020300
913167
911173
955116
950528
924768
963602
951520
600442
963642
1052220
961628
961488
968351
993129
953343
949525
1004280
481876
912996
964314
933405
951690
951830
954716
906784
1111373
987417
603577
951509
941560
943154
1024097
945568
1163262
1011353
956579
932283
946770
910402
928466
971548
1015682
1018276
962831
925120
941661
955026
1057111
1108899
956649
1043745
950588
938314
944626
954104
955427
954385
950918
939807
929076
968762
959164
957771
950207
1011333
1110502
1004420
955917
947151
474312
959455
963692
934858
945858
958162
945688
962020
552130
931771
960256
1014549
935489
1032153
1184403
954074
946449
922594
911624
939277
612295
973110
963131
924438
856263
944295
940889
964103
939016
923266
991445
987999
997597
930890
664373
959495
978550
535548
973151
920611
939797
1247206
1238906
990383
720250
991766
974332
1004310
963052
1013367
627092
968131
800892
755777
808437
1041180
947812
957561
522764
986496
958002
976787
941841
1003799
1044065
1527529
1453754
986436
958142
951139
880224
933065
1012666
1018196
546399
948183
966668
951279
959785
978781
553853
1000152
1065266
944396
945508
988229
983190
958413
936742
962951
1001354
980334
984933
944426
989422
982719
935098
935589
1429619
643223
933736
969543
940569
921072
930910
921061
926551
1021472
954545
931721
924258
980049
989562
939727
943033
1289011
988950
906424
951189
930810
948534
672268
933575
929979
996334
948183
978972
936380
606423
905291
954244
924027
932753
939006
952511
979683
961529
955317
614448
521171
940940
973301
925409
879873
936220
934567
915361
977409
951860
898168
1171709
994210
936551
966147
953764
952992
953262
942412
908728
1022225
974483
654535
965316
970195
1006504
975515
952671
1491496
1175736
1032839
979562
1010371
969855
1015321
1500859
1003308
962190
979422
525559
995763
751950
1025510
1227784
1416223
1029668
1076487
986296
1039582
1132088
1052832
967029
1005873
671437
936762
630809
1020610
973050
985665
1262871
987959
996945
995113
968391
984593
1225510
1019559
1006013
1008017
965596
996856
996094
955197
1032804
980935
1040322
1012335
992216
1019999
978420
967750
1307536
970355
977719
995543
991936
508858
956328
996655
1010823
997627
1476848
987418
575655
968481
1018046
1000592
1407687
973170
975535
991004
948153
983470
991595
1038184
1015531
974704
1488480
1011824
1012365
959023
1695038
1336978
974032
987398
990574
944466
981817
971748
1021222
1011663
579432
1512957
1685445
1258263
2727703
6055906
1803971
1034958
1933567
1493786
1501124
1128125
952301
940238
903748
941961
749014
815110
975765
1221553
1648494
1693390
1610372
754686
1238786
1035760
947392
998990
950087
503538
945728
477097
946399
886686
1206053
451228
919899
904760
900542
1410312
1077078
597395
949024
921212
956428
977950
943705
544766
951880
984673
953212
925160
1037533
950297
906063
909870
1251740
1088911
937162
974293
874293
919168
922033
911834
894892
931622
935048
1197533
1128586
975896
1022835
940839
1353384
792067
654865
1091535
1104004
1218131
959164
756298
947061
606514
936481
933796
946159
1058072
962209
892177
937533
1172860
1136902
970867
1292709
742131
951850
1302747
1104710
955738
919378
505041
938295
1018898
908899
915691
914069
561748
932212
1127444
1073567
983220
993329
902797
942633
935639
1016442
962160
954064
944787
939727
944857
635699
944386
952321
986466
1147011
928676
1006083
939056
962280
647992
971077
692977
580264
529748
783480
940679
1054611
941450
858833
937463
947642
802255
1469515
902075
604750
941560
952752
932493
929197
915280
942171
935739
986105
975575
938836
951169
906323
938083
864063
924798
953944
1052922
659049
983451
963102
891655
949185
938685
919138
942803
958954
934568
922284
658663
956850
945107
1065146
1138966
1114379
1038695
994722
973061
603428
967279
889261
957290
961348
993770
988440
527713
993489
548574
976357
977079
753262
1148874
991345
999561
1264800
616973
948574
595092
964384
952481
967600
971697
956880
953763
939657
1290479
997347
1132624
991676
1001505
1000853
1011403
997928
1267686
947221
979012
983530
955336
991886
961569
985173
732533
980955
946029
1113959
949596
893559
976437
960737
960286
990533
986616
975245
1001775
928095
934126
964805
958723
961248
1054270
1218657
958192
945718
1027023
953624
979403
544435
967650
974913
929738
960667
950648
957821
959815
953634
609789
715521
1222354
1070596
968672
970665
971427
961930
945077
923937
907305
939687
924167
1194371
933545
960857
946199
961438
932443
1096155
969223
956850
999130
592516
475875
958032
973662
1054244
941611
921332
910251
909078
960817
964213
926642
887718
922164
1148314
984272
962610
952311
935338
942953
935378
1010321
968662
938165
1096224
968271
934858
948944
935518
1022244
1536551
1042502
1032613
999711
1010893
825810
979423
1017394
975295
955948
515200
971538
986686
1023987
941000
1310006
949466
1073131
959325
1002476
930490
533394
985705
1033716
979953
1021352
976928
985604
970205
984111
1641581
1098980
1986737
1381848
1000252
987839
995393
1185199
985864
950056
585704
998529
969835
1001344
967710
1008107
1045037
1007455
1066948
1014770
1046060
969423
989963
974223
1029238
970897
989582
993699
991335
1017815
1038905
1314820
993028
1293169
981376
1014670
978130
960927
1013878
973792
951850
970285
488970
1069779
1006664
964915
949766
958854
628425
1035199
1434809
960928
986776
989531
930269
975946
993449
1032513
979653
1057771
996915
972479
1036972
1004159
962350
1130740
1291957
932363
570145
967299
976036
1127935
971888
965927
692557
1007596
537401
974123
973181
1015831
950397
834878
944507
1419670
998308
1030830
1008868
1003698
965957
1164143
1012275
977749
994330
986246
983360
984592
968852
1023025
1243424
939256
1012575
1020971
981606
995834
960185
1130760
1001895
965306
1014619
998599
994000
1000924
999300
935078
578159
1482799
993449
1057250
1020370
1019579
1382669
1026141
960156
985764
975224
1006063
768291
1033295
979673
994571
1605032
988439
1004911
994482
947001
1203379
1014790
985915
538073
983791
1191275
993429
967038
1189953
699900
1001475
1544617
974503
1013377
967389
1036672
1004410
996355
1015231
948012
1027855
498128
981546
1007876
1123125
961258
962009
1378321
1013958
1012435
1120295
980083
996384
979612
987157
927193
997446
953513
973190
971432
1028326
999069
563942
1327263
958443
1037372
957020
1058233
985384
1006254
973972
1015852
978982
990143
1038175
1039987
940528
1007446
968892
1418939
1439526
995272
1558865
1550108
1575456
1519540
778941
970445
1011332
954795
1071437
970926
1302817
1157060
953523
1008498
954044
967670
972840
982459
963352
682188
958673
977349
1136541
1020831
1007075
938234
1260528
1144907
1030059
1038265
976747
981787
1001875
936451
1001094
961318
977689
1123707
1002256
979031
999271
961698
1128917
1149250
1085850
626612
980123
985594
979432
974663
1005252
971007
1127690
832493
976307
992688
947542
1018297
944957
1068963
1103688
985133
993039
972289
976547
979703
951609
929247
967350
977238
1191867
966868
977559
971006
985514
1212185
1395484
991916
697366
1001043
977118
982909
1016393
969423
1088931
970095
992798
933064
1006003
1000803
1007226
1189212
1075365
982238
995423
988690
942552
984612
980104
953273
1039156
1354069
968692
965927
951890
960236
1213978
1268312
978581
1042803
984302
513396
964785
977258
806904
976847
1240749
1006985
977608
965806
959575
1011624
953774
1541758
970134
988310
999641
958533
962811
1015572
964985
1031351
998589
955107
972168
969122
988460
560826
963232
1094662
1049266
972700
988048
996144
968622
990924
971387
1037503
892717
1034136
967239
988380
985514
980214
994331
928186
1142071
978931
1171773
997476
987297
1004129
962791
1177775
704079
990674
996915
945127
960787
1002396
572579
1007225
1364705
993209
979673
990975
979392
925350
1033605
1041370
997847
974774
990463
992467
955006
958101
895322
921392
632873
1162301
942893
989602
982789
985153
1006153
983620
1064404
986005
988740
974343
1010221
962120
970536
965616
1439137
1051931
971978
997026
945618
947442
966538
1258373
1042798
627864
965556
964284
1027284
978641
985233
934757
962976
1063903
967640
988029
977328
958813
683099
958162
1086135
968461
962550
1121753
1021042
1000082
1047502
966538
1002306
1744612
1000282
1032022
1005533
977449
980043
974293
1009881
1006734
1022344
749315
990263
990894
986346
989692
1007496
1461674
1001424
1043263
1009940
951900
1072630
1164400
967230
989702
968862
974643
993079
975295
983030
1018416
1506885
1027253
1012576
1001344
958343
976277
973331
993970
1071838
1015130
936721
988430
969433
1012546
963382
982428
1581138
1005992
1025359
1002015
1007015
996415
1003087
912325
982638
1030950
994261
983470
969904
963893
1203809
1663964
1087709
562259
1032323
1007135
996064
999541
1020491
695423
965205
1011664
955056
958272
1013828
969724
1118045
1165957
1311353
980394
1008468
673551
943684
679913
597015
996124
957521
982719
974894
985434
988209
939967
937683
1348048
1459901
1021653
1046370
978852
994522
908137
1028997
693289
911703
964054
1028065
918267
971197
896735
1153282
970997
1339257
1135950
976968
1005432
1009439
956128
1004209
1090554
1084101
959916
975304
958623
1255117
1008928
979012
932192
1428467
978711
1042573
678701
988499
544064
524988
969083
629307
995353
995232
996896
959575
988790
976257
1061459
974122
1210417
1105633
994341
988199
1202232
1028646
985414
988680
994601
1026382
977479
969593
992747
954525
972148
1006153
1696856
1068697
1074082
1311188
999731
966397
967800
968412
996114
998118
959515
1065426
991826
955778
1019699
1085153
1042553
994601
1512526
1569374
1613653
976146
1015501
992998
1069754
988019
998859
1010301
996815
1374263
624728
992778
1039287
1010772
983280
982077
1036171
949215
641089
1198460
953363
972309
1015221
987377
1004009
1241160
1267160
963653
1008348
919178
1077498
978030
968722
973672
997617
541229
995052
1109715
986746
989621
999200
929648
996916
989872
1202928
1008698
971807
997737
1006594
981937
1185614
990233
1060267
971868
976767
1007576
1005042
1360668
985244
1026763
1010672
1005371
701188
805482
950778
1014950
1009049
975305
1025139
983610
976146
968461
974764
978681
1462736
988339
1053093
986145
948253
935169
986907
970094
970425
957181
1065166
985454
1024588
999110
1088630
1461409
853173
1018197
996215
836971
971748
993459
1018306
961017
980434
728565
1126372
1012746
1013507
983590
983510
1267590
1388009
966888
988750
971989
1005983
984792
964754
996274
1264880
986335
529257
987658
990824
999541
969694
1432173
658692
966127
1009450
787086
1028726
930419
518316
983510
975234
1283626
988309
996525
1032283
990614
1290194
998288
1162130
999420
984372
971097
976377
978551
1005111
982037
1403093
969904
999921
959735
992037
527764
1014489
1382148
1297507
1002616
992377
999240
968111
1007316
1086877
1295844
1711284
1158513
1529344
934848
4792999
1540374
1225299
942872
940488
1114289
982769
994330
967700
1058613
1452933
2125757
1042031
1377675
1410262
1009790
868191
956579
474032
960807
946640
1005762
954024
955978
946981
920060
1013367
1509711
995553
982659
977629
952280
989241
959043
597756
951880
991496
981867
987438
950006
941961
1026482
965075
556187
1331692
975325
972650
676005
974914
1006174
982649
971768
929007
944716
986215
968762
945047
1156870
1009179
1047722
989291
611753
986907
949145
1007236
1475135
866538
931512
935148
971007
944245
971156
941150
1100713
1040508
976277
973361
986135
943524
963232
968381
953924
1244411
713116
940419
941821
920120
556508
954805
933495
935399
1104210
953373
933385
1228606
950578
929989
945448
951549
925189
972399
933786
937572
926632
947793
941340
939768
1036420
951389
918396
1014409
1003718
518927
967389
1006845
960827
681817
929487
952171
962490
470715
983219
506173
981747
938695
974193
577749
970145
916763
1030920
935699
973211
983621
931341
1008087
583048
957982
505722
934758
933375
510391
998088
956258
1018908
980936
1003699
962671
1026002
1119498
949836
992488
1079488
950407
995041
952080
893850
934527
950267
943204
976767
965245
991635
988550
955086
973742
1156539
950738
1073732
1040464
966718
1007446
957551
935449
542893
950518
952852
983230
951329
974142
944055
961588
1408528
972930
994230
973181
770279
1003598
910542
952571
950968
908136
943224
930109
912115
930079
871497
946951
963993
1366669
1276497
825710
923917
967209
903007
939697
915491
933976
929017
1011147
977869
946941
985704
929418
945138
1520431
950017
953924
584481
928676
946560
871788
991074
925710
932874
951369
987397
958943
961869
972169
931221
950177
1479448
932854
1006674
508126
852611
934327
909710
930960
900031
891626
930218
1093704
978571
914709
923256
973441
924057
1114830
985874
1009590
950948
984783
985965
1007626
484511
951549
951980
1264213
950006
941199
491956
965806
958262
927493
980404
1172340
1076467
984612
952992
554945
926412
975635
935168
473260
928886
1015281
928145
508978
905352
942081
917715
924848
1000041
1125160
1004922
1016944
1006785
987979
1036070
942102
950929
967139
1020100
1166528
1001294
986786
991575
977007
1522315
1059174
1180805
978400
993399
968982
989041
983380
512926
976457
629647
961849
963572
966097
810812
994862
552680
985384
1297663
1038890
1650369
1005903
993730
1004319
590674
983030
990053
1087819
959695
1004159
981236
980234
1004821
1488220
978220
691906
988569
984061
990433
966567
547681
998308
1025720
999390
942843
956068
985194
950187
968081
1435540
1169063
983149
1004871
1013046
1002035
993689
993990
1025630
979563
982087
961028
986807
1025159
567749
564463
990594
1397497
1004450
1035980
1011884
970765
1002276
1003368
982769
980765
979753
1001535
1000793
636570
988289
1020070
1269344
1075465
1024849
1023877
982929
1002486
965436
945098
977940
969493
1017925
945107
998498
1001064
954495
990303
1537248
1047081
988330
982920
1002256
968742
946399
1054996
957992
951880
645127
1013086
982087
969353
993399
650457
1040820
1335444
1268612
1007716
984612
532262
1002036
970175
1161739
1011714
963192
936962
999290
1000642
984412
679322
958192
1053954
1345157
970876
1044877
957701
974312
904349
1004661
925199
722103
992427
988860
968242
1003017
981607
1116553
1324229
1565757
1038776
1027404
986586
981356
1042092
1004119
993319
972589
981867
980795
969874
1043715
1001053
1025901
952341
996024
1052972
1088300
1033765
1633120
1275199
1543941
989461
925650
971247
995713
1084802
964674
1044726
1088680
978280
952561
946079
941831
602616
993960
1018657
994110
984362
998950
971648
996084
1057631
1001044
1006915
1068071
1059565
1014118
988640
1029328
1051790
1000923
964123
1023156
955768
1012385
966167
975555
459744
1048704
944176
1006564
1569339
961668
1030589
972369
673931
986816
952821
981676
976266
997947
1025400
963682
1141931
952452
1031802
1048544
1380115
980114
979082
773622
979833
981357
704259
985585
1000162
938555
949295
983910
978160
916913
1002866
966337
1399491
977919
1035779
1183180
1000132
994621
988880
992137
963692
950557
970766
1011263
967971
963162
957822
969904
1641091
1051410
1183480
1008367
579963
992838
992157
1033917
950708
992978
987017
1391215
955957
996615
935790
1241561
1314014
982959
1410467
986385
970225
1042442
977989
938394
1044716
1056348
989752
992627
970776
973572
1001634
1367000
967229
1044196
1002286
1000523
1012325
973401
961739
1009370
960797
984943
956228
1203473
1031781
983720
1011123
1018978
992096
1018456
961007
1041080
978380
1016664
967340
982708
969022
720440
983741
958773
506193
975085
503908
527934
1024568
1283546
1129017
982839
945558
999701
1016193
955237
692737
983139
1037773
982929
1088710
967139
985695
554364
987689
1507707
565806
559184
1057792
980474
736099
977829
1000081
1012335
922224
1016523
1038725
991726
1027583
977369
1013988
1236822
1174964
1013718
1000442
710230
969354
1004620
737192
580283
979051
988049
973010
1411293
1105046
1054375
976346
997426
1174744
982138
862991
1041361
964013
974363
993218
987398
970305
974974
1184993
1004460
987869
994542
879943
985934
1019448
1050378
1029873
1046981
994601
1008328
956860
1016192
966138
1148703
958764
972820
996525
1006634
975716
977549
1121082
624919
987178
1010602
974242
989602
983329
1011904
989060
1067189
992557
1015030
981296
1022905
920080
1003418
1291286
999401
958893
989752
988910
974833
1043575
548924
1262121
868181
1010601
986866
963573
965987
947602
958843
1180475
1397778
979703
548523
1005092
974233
1012274
1007105
1018697
1006995
973371
985785
979313
999681
1043875
992627
1233601
1204560
551338
942863
988680
640378
974012
972980
1104250
985905
964935
1003699
955046
971147
949966
1243074
1165867
1567165
1010802
1004090
995593
980294
989221
978140
1157211
955938
1019118
1010732
985364
1018567
968441
994000
1800204
1152551
961057
1078450
556479
964203
959815
1042908
994651
971056
984943
936170
960276
986295
951679
969904
987178
1358433
941691
976317
983750
968753
1017395
1673527
1154546
995313
964525
990534
924047
999941
975796
1456449
1024258
955607
1014008
1006544
774282
953683
1007736
965275
957571
1016934
1052692
978180
1072399
966939
1001685
1407286
1035149
932884
1025590
1002897
976176
986997
1085594
990664
938976
978731
974042
999290
520851
984171
1012696
1145869
1279533
993179
997907
661588
908056
974834
813953
982688
970445
1000542
978991
970355
979923
928084
682488
1017265
1012375
1149035
966277
1011804
977860
996355
1142262
548453
992477
977349
1051400
1015831
1002386
543905
996114
1029147
971407
1399742
1109375
997056
1016062
962500
967290
965396
982898
971668
1089672
1016423
935028
763842
978571
1027725
973752
1125991
1063152
1020561
997397
1021393
1005602
941841
976126
998429
1092086
1001775
1007627
968622
985985
976807
1025691
1503409
1023186
980234
979243
965576
567029
961208
969504
965345
1118984
1528963
931020
1542313
1543325
1838345
1550208
1750619
1717556
1272771
975736
982519
1030720
926231
950498
971518
1054155
958974
966168
1876278
538134
1048584
597536
862119
991786
1011303
999801
951700
916724
808126
985113
546449
978430
934517
981016
978230
1841871
1009439
991545
1026762
1108808
959765
958342
1132543
994040
1029007
919759
951319
942523
962199
961268
1491066
1007887
977018
694540
956438
999380
925861
993339
967009
994060
1037964
961278
953002
979393
1024388
989802
1355337
1120005
1000803
1028130
985434
1002896
974543
1331997
998569
971287
993318
971928
639727
997697
956118
1029528
994861
1151560
918396
989251
953533
991415
1190153
983601
1030069
947582
1003728
926281
593829
956299
1017575
993870
680444
1023556
559114
979493
1011704
1007927
963292
1044806
1019648
969694
1010080
933074
1006423
950728
991675
1042246
990413
998809
1181527
968151
1006874
946549
1230951
963772
1013968
1026512
925680
993460
989742
982919
1379588
1008528
1089712
843634
999560
958192
1036932
1006433
998568
1087628
972269
604449
998459
1009049
1030659
971969
662736
1001614
1000121
1108197
1203238
998649
1012385
992488
1005953
950417
805581
716883
1004019
934958
979904
953704
1085644
981215
982689
997487
1041120
1104344
1035900
971377
940067
991144
1026471
962330
960175
1002647
967480
997817
1138865
1021593
987217
986636
1626162
1486276
1697819
1691467
1620621
1598019
1622075
1568327
591084
1439648
1085665
1191917
1726483
1847162
1014679
1891667
995282
1552613
1419139
992979
1019940
970395
988981
1080564
1464174
1256879
1050668
939076
937983
1204270
960015
978821
946781
1126903
961078
906674
978761
967330
553132
712244
980394
1187623
1024839
954455
966669
979593
920631
1004400
956920
1646921
981526
946780
1167906
982999
916883
976347
984943
1022153
1070044
976487
980304
976738
951309
950638
987037
878170
971117
966288
1018106
973772
987708
1069794
548203
1013066
944405
1005472
1020270
972700
615190
1323362
1019619
898378
920030
926332
936661
906043
946740
925460
624086
954976
1019378
983810
918436
923065
924548
509639
911623
939356
898389
907285
523595
942873
1009911
984091
948112
988750
966748
1093579
933325
978620
721021
989442
1045608
963222
962841
967701
500672
983250
990484
483189
736130
981006
631050
968291
965345
663061
1000843
992207
978852
938394
973982
988108
831822
983290
980675
1046285
941380
931972
938113
611743
929578
939316
924107
1610292
944896
992407
949115
941661
928976
944736
1102376
942192
980755
1079317
964735
910040
930490
945408
978405
1619039
952952
979353
973601
927524
558412
933204
749996
932684
927994
934828
908287
925089
982498
591965
929408
953724
886345
1418417
783099
972599
941250
921853
924588
932613
933114
929808
940839
1188070
957060
934447
673771
922724
1010135
1175501
1156470
909099
987147
940729
892447
953253
942882
951970
940428
965546
957150
995984
941951
930679
1022263
973431
1089382
959024
946449
926993
952892
942893
956659
788349
927894
932293
957641
956819
950457
926141
981797
1124689
995442
1105732
1127063
945408
951600
943675
950597
1021111
944225
948414
704149
975885
891816
948384
924778
948874
924378
664033
1079523
1006374
929197
1009500
891675
948093
924067
927784
954836
979393
960276
954770
907926
907355
1013487
977343
561798
1094411
1225451
936130
970585
910752
939396
984883
1041390
993239
939136
903378
933495
735258
948213
768241
951179
920049
1118878
1016373
1028561
481055
770445
904500
453302
710471
533575
945438
909409
528856
927574
922645
939747
921572
955777
1056750
945568
948874
666327
957762
934627
916533
921833
940850
1015030
974864
444886
944856
938896
946089
933185
875164
937212
963091
946339
936741
1486817
945958
670184
934828
939757
931021
1086176
1160527
944105
552230
985094
986035
997166
991275
988179
979733
1458133
992538
1012345
1008919
940498
1634643
988911
968382
1033265
659874
968702
982368
989381
1051399
987919
974042
1289662
1000332
935869
975595
1066919
1003308
967079
972620
1029577
975946
990063
1010983
1094571
966217
982629
1084151
1033876
1000904
965026
541560
1046730
1004430
947492
1021693
613987
919088
989211
1002777
1269409
957370
1005021
555937
989191
1449346
990464
1025319
1016122
1029297
1011544
1007014
990343
962771
982018
984702
999441
1390273
982969
969724
1184382
1058092
987749
1030519
1003027
981717
994671
970715
960306
984352
1161749
975324
971257
985144
982569
1000302
1558233
980124
1057275
997015
984051
976867
975144
1041821
959414
950407
993089
967730
996044
1193204
982628
1305032
1127454
1004510
1047743
921002
1012134
979292
537472
962050
989752
1147592
978321
957812
955367
989892
1057691
924137
1278131
1378311
1008267
973611
1014069
764373
995684
1006293
1007135
1005893
1011583
989652
1004541
999240
972339
1196966
1437203
986636
1037252
993599
947712
980434
959775
1018797
982388
985825
1017495
962370
1027484
999080
1014158
1332083
1208428
980024
1037213
982439
512184
995673
1008578
1176673
993328
981847
1002386
973571
1004069
1008107
993339
1067239
1047462
951199
981215
926993
1018487
981126
1311243
979678
925309
1071684
1220616
1751040
1754186
1893220
1826663
1727946
1763123
1237453
1020621
971417
939015
981737
1005182
1002726
1076167
1016353
1361609
979122
1034457
713106
1012375
973370
1020129
967430
1003758
957681
997086
953683
996375
990273
1184481
971207
1326412
966178
1011253
1007236
992898
973331
1000122
989962
969744
1007867
1022705
977759
983651
1187458
999440
910531
1630726
597145
1025586
1115095
1009730
1072605
959855
558122
979893
991174
1015701
947081
941340
1437008
1036401
996004
1387854
989252
1026732
989201
992257
690363
1016152
1093935
984292
970476
995763
957350
967970
971538
968211
967881
1400233
1016232
988580
950598
1006213
1033916
982247
949536
993519
994441
972589
1003117
586726
1004961
994651
958944
1016443
1075605
969945
981286
539707
487467
988510
1091766
990033
1063072
941691
958062
1008228
972820
1019659
977689
1019428
1028747
1131923
977128
952953
1063863
1006725
972700
1031010
995563
1029207
1006915
992006
1036420
990384
959995
994221
1056995
1174794
959414
1447081
1010301
992568
973261
1005492
950748
1018316
984372
1128175
960977
970094
984772
953954
1387158
992468
1066578
541189
956679
662750
1001585
968621
976758
966758
992647
1294231
999681
1101985
956749
959344
1480626
991285
1476107
1374754
1000432
1039507
702155
999340
969714
1028385
899521
990844
975315
1434282
1005913
1393690
554635
964925
981938
983329
974223
989702
1342448
528334
923416
993329
1012435
966437
992778
983681
979953
1578231
1229428
513186
1005472
978421
980795
984983
987708
1003077
982147
948854
983140
962981
1031351
990072
987328
1532494
987128
974353
769564
947211
976707
954986
982979
965096
1079658
925560
970375
978641
1004430
643384
954936
974854
1128476
981947
963852
765576
940699
995503
969864
998599
1206985
971026
983631
964344
993068
946430
1000132
1001835
1452843
1012325
981537
1029819
989522
988940
947562
1158172
1051489
981045
1027053
1113818
568071
991095
983210
1029828
1131972
556468
958923
983440
599580
993820
949215
615891
1244426
965086
849155
561638
975144
977689
1009049
978752
961769
1559660
1162050
966287
1015551
994421
965406
1011894
1074904
1051710
977289
988028
962911
988160
978711
987528
1366674
1140378
943454
977128
959885
953313
965055
996725
961187
526992
938905
973932
962260
976777
896264
981186
1086386
737613
1447002
990273
1325605
1510222
1076517
1676629
1604992
1705343
1475335
1005482
1208118
1007425
1679513
959885
1000984
906604
1003458
988109
994020
1329217
931912
997447
926883
996575
985764
975485
1009489
895062
1477379
941330
1034748
1008728
941561
1018306
983239
1024168
1018246
986126
1048043
992136
958011
1212982
995102
1521944
950587
580053
1001825
991786
979072
1053985
1006654
1020160
951709
998288
939516
996385
970095
1691807
1129192
1259796
1025240
1034056
978741
979844
584391
986475
664483
954575
993590
1030259
970536
1010110
1142322
978120
1026312
1066438
1012044
908177
996535
963893
1137794
1013096
992417
990283
836561
995594
981366
980575
1013377
980855
968211
1569564
1006724
1051439
992477
1014208
1029868
1012846
919869
1141531
963122
1009690
1029127
979823
1001074
791525
969654
1021162
624307
995834
1014659
994521
1049085
968421
1063312
969384
963803
1018557
944205
988340
1334747
1000182
977519
1445659
1017865
1025460
1029899
1017214
1004641
942552
974734
990614
998399
961639
1017284
1401400
1037107
1118287
986135
1111684
965355
974373
1055136
976778
942192
1003067
433976
986827
998028
939376
1063142
968262
950808
967199
1271393
1151390
1052281
1018126
1237477
993750
952351
980885
957791
999490
961609
1005762
1055887
967590
980133
958232
991245
1355738
1005131
1075285
985915
978371
556949
958652
998619
988490
1003338
980876
1051460
1019689
1030991
971677
997557
1344978
1031491
1001404
1137462
958443
674042
992097
938505
980555
1138394
993349
1012305
989902
1000853
617474
972048
1037843
1102497
1055286
995563
1001505
959935
985755
1003128
960296
973081
1091375
978190
958603
968853
977428
973321
1032713
802646
1130510
1170176
1009359
1002907
981005
999511
957280
1005492
1050758
1006835
971327
1054896
988720
962440
1253844
1242422
612876
988470
764705
1065626
970876
1023857
1008437
1071151
980855
981386
930920
979502
981106
988170
1212005
1422486
1455898
996946
961218
991105
975285
953413
790653
1014248
980344
981537
985023
988730
1001845
998920
1134457
1118978
1026442
969924
975485
984542
957220
982629
989622
1382849
1022765
1000061
1027965
885835
941751
1264805
621863
1003608
1025330
970255
965516
977228
1020040
1000823
1194240
993790
966127
998549
990954
976226
1019168
945298
1351420
993980
1023717
962020
920591
995173
950938
1002266
1310637
997908
990684
958603
980314
1030851
1493981
1510943
1376037
1428416
606483
1759526
2284093
1733276
1438245
1019053
1166809
672218
1004780
1839828
993649
1014709
1076076
1756284
1056193
1032524
1423431
1690530
1347874
1049927
1055167
1357532
1007977
956309
992287
1028616
576446
665195
966318
1169368
972559
972009
934006
932753
925900
871046
924538
946390
1944673
1095754
991896
985163
949956
943494
910642
996475
961779
926302
1008789
929658
953574
1005382
939446
955256
1107185
951480
978982
942863
921753
943855
959465
986115
1021513
936290
950447
946390
454985
950758
942402
953683
949195
1156148
1225751
955076
925691
679532
927093
987067
962530
944977
944997
915791
959585
683820
940398
934447
962721
967179
1050297
1096815
565496
1005592
489010
955146
922805
930519
1054451
941330
610621
950407
697256
952180
977960
965135
966899
984152
1149767
1170776
927323
932574
959775
973441
986416
519768
989382
964514
971487
896956
1215120
964594
959464
922685
581266
1180635
1025851
933145
946500
920190
529066
905472
983089
926823
926983
994756
1801586
1029788
973882
986286
907907
1036822
993159
1039357
1027093
1017886
965736
1135319
996905
987177
984532
948373
976036
1005321
946159
1049426
998428
1047822
1114840
955688
1003108
977519
994261
1166949
978320
965456
1006794
987618
979002
966799
994592
1005171
988319
1050467
1195313
632012
978060
958854
1026171
638194
981046
979222
982639
978460
1029247
1001314
955036
535468
1133856
1214058
1033235
976597
968752
977689
1011213
967610
1063964
992838
560185
958082
987888
1002577
976396
966468
1015361
1005232
979843
1086886
1130069
947552
1089727
1160096
1416108
1280179
950307
921282
493398
937913
939226
952632
936962
657070
869584
930950
989962
941511
937081
935830
464584
1231762
1007145
919979
940258
944306
913106
949696
646449
467699
961538
885534
932743
927163
934036
995874
1131060
954445
1012836
934136
470334
1040504
709219
942953
900182
939847
936711
936511
1060827
505932
596805
927653
988400
965726
929076
970105
933254
950969
936721
924117
950087
942021
933405
963081
961979
1157937
1069584
980905
974333
1272124
885113
643614
688500
941620
932774
959064
928867
940018
935970
952070
965626
949605
1021292
930450
967490
957631
1575827
998659
976848
966809
770716
964113
931180
943243
426541
920460
919448
952792
1033314
970756
940398
948654
954225
1424329
975585
925009
968682
942272
910301
1025786
988049
981005
670224
963261
983040
863191
944416
981236
990764
981577
1280324
970195
1244236
979242
680975
751749
1000543
921963
981386
975575
1043564
1016258
973110
984162
974463
1004040
1437253
877488
1181667
1009880
1017766
963632
1006634
1001755
537362
955157
599660
1186606
1012415
991596
1048665
968843
619298
1033786
1048093
1059425
977629
985004
909219
973572
996335
765436
975645
744745
993529
976196
735078
996975
978831
964614
1368112
1013428
1031291
1020771
938044
974613
972700
1031050
1640749
1007165
739496
970846
1000162
974824
977108
1170676
1253053
1127704
1019930
958733
930129
964915
924698
932674
990854
997356
982167
862531
1047281
1001825
537171
957791
1843906
997316
1023035
998588
986656
947913
990794
1005361
1088841
1034608
956669
1010943
1012505
990524
986015
541059
1615632
624207
1034107
939106
990834
947973
555306
986847
1029177
520971
984312
1330509
990693
1012395
958352
956188
1348434
1246651
947923
1043914
983931
1002656
1005352
985734
1071387
1106935
996856
968913
543774
1076087
969263
966127
1466539
669223
966729
995153
1018056
959444
969583
990614
1016844
978571
959735
953914
977819
685012
1365386
1002246
1357932
830088
947080
974513
936310
979893
953453
938494
991966
1003468
669343
1033481
978781
986266
1005673
976978
543113
1033936
1406405
960406
996736
997116
977859
972579
989070
964414
600512
970365
987528
959395
940218
992657
973000
1098408
1352447
1012335
1037773
1138174
1815943
1638175
1132744
1007366
1010382
1008498
969183
1099246
980004
1345483
1093911
998419
1028235
988931
1017274
486054
1012926
1011563
505010
979242
1054906
984683
975355
972680
1000232
1273802
1403619
989271
1008497
997417
930890
991815
941220
1501195
531911
978019
961098
1000011
960526
996094
960968
1505052
1261028
948153
1047923
1000372
988519
528405
1028125
988170
968802
826241
1153463
1034387
888700
969534
995724
1012074
1153103
1078420
1083801
993269
1021844
957291
981226
1037318
1007075
1000122
647220
980885
981697
987698
948343
1039677
1029688
1024688
665115
961539
998619
962931
947071
747662
1008658
1019829
985504
1005582
963262
965446
959064
957651
997336
1196811
1006805
958623
981166
952090
978160
941510
1028245
925199
975695
963211
987177
997777
1029027
944195
1207657
1506414
664915
1074233
980936
961699
983139
991986
982819
1003168
947743
968081
979062
986747
1013828
1281397
1022564
1527996
991395
1025600
556448
1001665
964925
815310
1185600
988841
1096204
1025881
966588
974995
1068862
1077018
968341
1075906
1165301
1045257
994891
1005562
586466
995814
1290494
996636
987779
953653
999701
992136
1009019
988630
1417255
1620301
1580265
1610533
1578221
1597352
1616319
1814791
1485004
995934
1008147
1196726
1357972
1016794
1039757
1016793
550506
1136230
984782
968001
999281
944977
974262
986095
957761
1068898
995072
993279
1037272
1007556
618266
491916
1001595
911163
1047502
639275
958994
1053799
1033856
995854
1005492
980515
1420522
1047661
635679
1635109
502014
1059014
1032684
977499
1477159
1076707
985463
1013046
1047562
980515
947242
1073932
975886
978440
1587309
1061358
1052912
1009349
982137
1091225
989722
999090
964314
984382
733975
973972
1079157
958332
953924
1029427
1345599
1013648
966167
1565182
1051901
1017284
985734
787568
966478
584782
552701
970815
996826
964273
982328
1214329
1278341
986696
1028997
1065607
976327
970326
980314
998118
1004019
981406
998920
1013757
984122
1014790
962851
1378432
994942
1031442
1425917
971527
1001965
962830
984983
990243
970305
977018
1171723
1028505
1012064
967660
1255397
1274323
955397
1040519
1038164
692196
969223
997237
992166
964124
949876
952682
1318146
996816
954024
596154
978410
1180645
1053133
985595
846009
1039066
1085604
1140449
1123632
983049
972750
990494
1126542
1007175
963121
1038294
1113818
1209850
1012485
1066749
1047502
1027494
1006063
1006925
993590
827774
947322
1010612
977770
1037122
644195
958703
1096094
1405242
1117922
615450
1008377
956960
984422
997016
978872
1001544
1056269
1019739
959033
962821
989141
981466
1103488
1555202
990564
1138686
516452
1003308
992086
965305
961588
992096
692256
1030610
1082539
977789
966067
966307
1175345
1384714
965176
1010562
1003088
1022784
998409
996385
938414
996425
978070
1212676
1085554
1052381
607656
943344
1438736
1106002
1027879
1015771
984422
970886
975165
993910
974012
960867
1207381
955326
1042272
1021783
998219
965355
1054485
1040469
959444
995994
1008999
1058473
1028887
994962
965015
983360
1017084
1024629
990864
1039096
998739
1011754
1577610
1356069
793549
688579
1011594
981176
1022263
960256
990824
1022384
965847
1003458
545437
984612
981126
987228
1597026
1002356
1009039
1014399
993129
996334
1015360
706253
975605
1216143
960938
963031
993409
974152
1014168
987077
1541792
1017064
1055758
981065
980815
964313
1007345
1012114
1126447
1029027
998268
999240
987397
988680
988209
966333
1477560
975375
1044025
1022695
968191
1007456
980986
971247
1191055
949125
666668
986066
1064274
955086
702937
1357792
1073802
1021222
1009149
1020691
730439
655877
1019078
1015862
861408
979792
991275
1151099
645056
967259
994972
1026421
1647943
1023746
995563
977860
975385
1044135
958542
1003729
955417
1005672
1027905
957681
1021773
997286
989271
1687143
979914
555597
969424
969554
973822
999932
973160
1019813
995202
990774
963322
963251
976147
1027193
963332
974453
1064484
1139497
508076
960487
996214
986106
579171
1002275
1050302
1006284
953493
984472
959605
940879
1036601
973461
1264033
1260336
982889
1013277
989862
989081
1359124
986526
979333
1006544
905982
630619
941159
991045
942122
1130930
1496897
972038
1010001
524347
991275
952060
1025570
1002777
994070
1093880
737262
984662
538423
1002326
887578
977179
988730
1491617
1063662
1008848
961168
940689
980715
1520030
1441892
849535
1551650
1588862
999641
1031712
968291
1549156
1008838
1005491
1032734
977248
1200162
1022374
1045658
987969
1039126
522834
1069324
976427
1383356
1021262
1378752
1478967
1582690
1179413
1585885
1028195
2300665
1417179
1186447
1625205
1281266
1757932
993850
956128
966157
993168
1215240
1110592
950057
958603
941591
949746
924147
489450
1082733
1206094
938905
1047692
976197
1010942
970866
969683
969343
974153
949165
961208
979052
994481
978651
972029
983330
1247772
1142462
1424158
1000793
1062019
997206
980645
960756
999160
995633
991405
971858
975174
952170
1131892
983550
990233
1434357
1083821
947041
1018066
950888
1012214
766818
1021462
955848
904049
964144
1084532
1085324
934477
997356
964254
1046530
851869
981516
1002747
978300
967510
975966
926883
977939
507164
994010
972439
999851
965286
1240278
989492
1120140
1040669
943584
944366
996365
965386
1015612
989762
1004510
952441
976587
749005
1029467
581836
984282
1127729
926031
897747
926331
959034
875324
918747
943444
917705
1004200
980555
896525
926391
910261
914108
932112
929798
1045843
949055
952461
655757
1034377
1051280
981807
933365
945247
961869
936842
1095323
959364
914610
970516
960446
930890
940559
974974
591725
989782
1109600
927875
965366
975695
930950
939527
936901
943895
956849
938144
1002116
944185
1223046
955036
962470
901284
792467
1021121
971848
490443
974994
732112
932974
985754
952542
935199
950367
953162
957901
968392
958433
959765
931832
934096
1582269
1248605
1015582
992127
957430
987608
970485
950448
976947
1024347
1175805
955887
956258
985824
1241646
1322314
1067550
988439
973782
917274
922083
930940
1032413
975215
930950
657731
934267
880213
941851
526651
930980
921001
1008037
1368061
1061749
941390
945198
918046
945889
927765
954174
926652
921022
998298
940479
936010
906263
944576
914339
1277078
679933
603878
932433
944255
913657
941771
955717
902767
947201
924047
492957
1113578
955827
963883
893579
942021
948965
1396416
1063613
999691
961228
926432
927784
972670
954084
958262
1127218
958683
477658
1021282
973431
501904
916282
942032
1082458
1098890
955647
979663
900302
1011072
973872
1065185
981146
613096
987688
1050307
969163
985043
970446
936271
1026903
1324669
949565
698378
998118
975515
970095
1037002
985704
980595
974844
980966
927444
968822
560867
963271
980294
1184312
955908
980264
972509
986345
960026
994941
505090
974873
946660
942913
935869
589330
960376
948013
955717
1118367
936692
1031180
984192
638745
967139
931611
930119
1139132
1061659
986316
943124
1032864
981226
980845
992908
979953
1026202
1025991
1087067
1126156
1057171
974073
980314
973001
1009890
971998
1004049
985745
1016112
975154
1020480
942371
526651
977849
1534087
967329
972509
1016764
1003528
956328
1121808
950417
1010922
1003408
963211
1001194
1068381
954495
1022415
1071758
1096675
986025
542422
1000272
1015802
1102246
1119799
548974
968011
972819
958622
803929
732262
555746
963612
1248128
509078
1236491
1233365
1005051
1004901
570815
953063
533404
1015311
1000843
957251
993429
1003518
993740
1085123
1038625
999851
989151
1084121
1629142
1328712
973562
1002166
773020
1001605
1026542
1028015
1038064
977088
1196866
973071
970806
1004760
1451590
1019348
1019018
1014079
973902
1097908
1031431
990553
987428
1137563
1020951
984703
971167
1171938
973581
559294
1328346
1030986
725900
1084803
998478
1024673
1019549
981406
1018487
977950
985584
974863
976026
967550
929888
1432484
1194942
1003118
997065
961458
997597
998398
975905
975405
954785
997437
995362
967970
1318302
1031331
501223
992327
1062580
980304
942022
970876
919028
1032223
994942
1004430
1006770
979593
960697
1000262
1025771
1015712
978250
988490
1345308
950097
1034737
944466
955267
1001734
978281
987528
974182
978660
1000362
1007597
982168
1164925
969183
1116103
1324108
976417
1044386
1035053
1015722
975775
1035489
980004
1051660
968121
987077
970275
1237914
991596
936811
1064079
1159855
952882
783811
945138
964414
965656
1263241
964845
971677
848844
952090
967760
966037
1000833
949375
978571
1366679
610230
1035229
937823
1236587
1027444
968652
1015671
953664
999671
968752
932824
1041902
974203
989943
1004530
1629328
1021412
988530
1004700
756569
976757
562650
964474
951529
980154
1005251
1336541
1002776
1033871
574683
990924
1576819
968331
978781
991766
1065125
998669
1092939
1035729
975926
951059
969724
717254
762315
1025430
1001163
946550
1079764
1000472
548283
766077
974874
1011403
1190263
987929
894350
999621
670405
1016282
967229
988650
964444
978631
918185
781010
1557852
1038394
1030309
1006915
964153
971337
957972
980565
946470
1134638
1095699
1001705
942853
994752
990874
1653274
1042032
1304591
958763
950538
995153
994861
988109
985534
968451
744756
1010691
979021
1019509
970104
1174995
1020560
1029497
1021873
984452
997046
996125
941229
988991
994652
1039657
1128856
997907
969133
969183
978440
1516815
989662
1051229
1047642
975525
1006263
1001635
1016303
957170
1004801
979533
1015181
1039016
973662
983079
1003839
1459866
996084
726772
1010361
988790
1003478
959785
956769
983800
1013157
950097
1099089
938815
988990
1011213
1003248
733084
801304
952772
1008117
982538
951830
986756
972550
1002076
971487
984843
1135029
1016823
986677
983220
900151
1221703
1225451
1037623
1163142
976817
1025530
976637
983149
1048157
513807
1014088
1069754
971137
1011082
511914
1005752
972189
673931
1067520
1057561
1007977
977899
1008868
525440
1018036
934046
1017034
889241
1068091
959855
964825
990063
934016
979443
1535454
1136170
961177
1000412
990774
932764
987237
968371
1011844
1048263
957631
980835
1009039
1020009
973842
1175125
1440610
1019949
1037973
997126
983830
979693
985404
1041841
533254
1044696
975926
988700
1006234
589180
992066
967931
1473111
1008598
1681277
1039336
991235
651699
941981
1009169
975013
987648
990103
1004810
997146
1021111
996014
1519109
1585175
1150869
990884
968973
982618
536861
957701
1252327
785284
976747
988580
987979
964825
991495
954134
1418908
965856
991756
1000222
991405
979332
926482
951760
1208263
1008948
1040279
982368
992648
1047261
977178
1102396
1507827
676436
1013968
976546
944816
840268
1024458
972459
1002156
560246
952952
987809
940478
1034127
908968
989952
1423918
1092097
954055
1009659
920160
943073
1003718
1002807
947692
813387
1010171
1128696
973942
1011022
985164
968572
1058031
1221283
998830
1042062
996485
993058
950628
1217822
935940
977509
961969
994481
976186
980946
969483
1100858
1049305
711143
959685
623025
704509
974303
1007426
928946
1243295
981236
972890
590543
1093920
965356
1005883
965336
1050824
1329679
1020560
1007856
576987
1002155
996524
1314079
1243485
1025239
1027694
783329
958122
966378
988440
1004651
944997
1695839
989031
1037343
567699
959024
960747
1153513
1013126
963542
960196
969244
903357
967290
1045538
1268402
1103438
997877
928505
999350
1050438
969083
1020270
1022354
981597
996955
968191
528776
971057
925039
1204701
996254
981095
1552532
969584
986756
985905
936541
1039166
943154
969604
970175
1027864
590373
1001674
961518
1017004
1173432
1009480
1172400
697746
983790
1017645
1040158
982829
657220
988760
988420
1024879
964574
976126
974333
977880
1044717
954745
1270156
1252131
1008327
1011073
1008427
1077820
998650
658321
997677
1013297
921613
973381
983070
994431
1020371
993960
1986067
994231
1026943
978571
1004069
946129
585804
958152
985765
991626
996404
1047812
905982
946950
990313
990594
1473502
675064
976016
1003388
1035038
1046750
1000482
954826
977950
960697
995413
1019999
998298
1026602
763001
1463177
985904
1057471
1028245
1001765
966809
978841
959365
1258016
1025180
1032273
1002727
991645
983560
998809
983450
1062295
1144948
1057685
989592
1010482
933315
1148795
1048584
1199436
1041169
988028
1031151
1001194
991125
704550
992077
990814
773672
990925
999651
953503
1131311
998439
976296
1002447
1011283
1015130
1002126
952101
1131111
1016242
1033235
637031
1053213
1060327
995363
1031001
1012505
1098929
1041611
663095
1071287
989592
999681
961418
1010742
959976
689391
1561565
1778412
1484092
1081076
977939
986997
973191
1008568
979032
975695
1007847
1048163
998849
955577
986616
912344
974683
1095779
1039597
1369539
994731
989622
493629
952501
981537
672669
1010241
971848
1005451
988269
1010512
1005372
972680
1132103
953874
1192318
995703
951329
996916
719859
1005482
653373
1025611
974453
1232804
1573893
1341641
1433090
1422736
983981
1033455
990323
985704
979773
954535
575113
963773
1040088
1214750
975184
510982
1071237
1129859
1465066
1638355
2159106
2436073
1519435
1482018
1013668
663452
929558
952241
909039
992227
1153513
1026191
963993
1499556
979502
961358
1040619
988890
991395
952040
947010
802025
968692
954385
959214
933555
1058893
1113047
955357
1064834
934968
959405
932694
954856
926692
948043
1011062
924758
481766
950497
973441
956179
918877
557831
1030299
978631
953763
1006214
946189
935178
955036
951659
1112485
957801
938204
919077
952341
978370
953664
942973
969924
1143314
963472
878210
954615
951740
1120501
1098344
950618
962751
1012095
1034177
984041
951880
942001
936851
920060
1418929
1033415
643193
958593
962942
581937
980825
982969
959515
926742
1296114
997207
976928
962450
964744
985664
1013377
985374
983089
994641
1022795
968131
973771
956058
961850
952291
1302647
988159
979833
982458
612685
957781
969343
968792
1264775
964695
950557
936020
522494
775585
954636
959284
1017505
973501
978320
939536
1035313
959465
942071
920681
716993
1177590
958523
954946
941921
961057
938785
940699
970565
990844
971507
971587
912695
964293
927995
972349
932403
1046019
957571
952942
934567
472689
947512
921973
940469
1055302
992678
970595
983480
654063
944867
975054
882267
947111
1151209
1425851
944807
983350
935649
973852
591585
922655
1297878
971537
1006394
979142
1479984
1303910
1030590
955126
1117615
976727
958893
931752
966778
934196
962710
1200578
946720
941410
1010221
1030545
980094
948784
944085
976758
1322144
1112626
938384
980775
937773
956539
943043
937963
976792
1170506
948423
954254
932342
955938
946761
949827
551960
1624815
973070
927434
946430
953814
1011374
972789
975786
675705
976207
929538
960897
962300
922063
977549
943664
1061368
1292638
932614
935138
940979
1062901
922845
932123
566948
952161
954264
956168
921873
924328
1018041
1017676
931722
1005372
1174773
994932
964675
977880
534496
928356
957250
988511
970766
971848
946399
593058
940218
934167
938124
950547
1154946
1057130
980615
1015431
966037
1017965
935289
966488
945167
916292
1119760
987047
956769
972479
950778
1040598
1019959
1753034
964664
981797
954445
990654
1095619
1139507
952161
964915
964434
959485
1018577
557330
958814
973441
992388
965516
661989
970526
975395
1057020
927704
950758
941370
962380
964674
959765
1045638
1006764
956188
958132
897787
1003298
648463
1120972
982548
1240028
939256
908578
945518
537883
928626
938705
925239
880886
1014789
958253
943354
932313
929477
539426
944175
952351
983229
986646
958813
943264
984432
657550
625249
905852
867861
548132
583930
1146530
974252
928475
927433
933836
1476698
934536
964083
523776
934277
909439
1127384
985765
910671
961960
983510
974563
980575
988309
556999
972971
971939
1094531
976006
979383
980855
1003168
542011
985194
1006514
779092
919419
953253
945779
944826
907035
614859
948353
957421
919729
1054104
947081
1054826
929557
929427
938464
907977
961478
987248
932754
1042152
957200
942573
588799
966949
918026
1112415
1111073
983270
1146871
960336
934347
919559
897657
938574
937653
954485
971477
823576
994151
983560
969724
725620
953914
931351
1353228
1579934
1584783
1559715
1657782
1590034
1594252
1778972
1335199
1152552
1220360
1187393
1037944
925069
941871
937543
493278
936170
956799
947472
1009139
956909
942442
923696
920510
937582
959765
916874
992247
598268
699771
949976
929918
933705
926853
920951
1050388
957301
933716
546369
944085
900923
922805
944446
938765
1062911
970275
948133
500572
934538
916293
907556
945267
930689
1063637
1012215
983170
962440
981747
982959
974834
1047392
1604871
1420681
1038845
952822
959425
953804
1118897
995343
964854
969975
975315
955567
1004851
988911
1002907
1025229
1011283
939537
965236
957180
974143
965877
970135
972038
975294
890804
989010
985354
940448
969774
986546
1203404
981867
980946
973140
947682
1000653
960657
987298
929868
600361
971027
932162
976406
966768
925289
960256
960326
1130079
845708
1076107
962080
925449
920009
910171
934968
966939
986356
955698
953833
918467
899951
911994
931561
1487103
1046330
960386
957951
974713
987247
973060
539275
974573
1150148
1025310
960697
991135
938635
950107
948464
932032
947251
1642553
1017565
999301
1000362
977629
951840
1246740
984652
981326
1066749
533004
754945
932673
968933
964243
984212
1175304
982378
1013086
1007606
979503
984973
1097337
948133
972920
976046
1053564
797386
1007927
1003458
947321
954535
771136
1185274
541179
579762
980665
1000222
964094
1179713
1034928
980304
972048
994391
730248
992638
962290
741039
975375
981526
1578302
721632
1006965
1025741
1597388
1004590
1039787
991295
1013577
969112
989602
970766
999771
1174924
952731
696264
1503559
968361
1032553
997236
1358624
1499220
1545348
1555122
1535439
1409350
1462000
1384237
1877601
1833266
1537499
986616
984252
956399
1072088
990263
1173722
1072831
1805037
1175155
1317770
1030519
973712
1016343
960476
1129438
1362280
1130319
1465537
571557
962110
998088
1255497
1015712
1429659
1117365
978691
1117059
1087012
1016373
987398
1039276
1138825
1011123
1057762
1020440
695432
1052261
1000984
988109
1399711
971017
544405
1033185
988600
994080
1055967
998919
964274
965696
981005
988289
633515
1035299
957221
967019
1166158
1221513
1020932
1029498
540658
1234733
1007015
977729
934958
1009409
859054
709670
722013
990133
1045098
956118
947862
1418607
985014
980104
996995
977479
980765
1247111
986426
974332
944807
935389
981316
960727
981757
986816
618476
1274593
1123296
980675
1002827
1005603
985383
955798
989903
975775
1033706
1057431
596324
524607
1117830
1037082
991555
1020621
1400433
976236
1025219
990002
1016352
1006984
1025119
912966
971718
967008
986365
981076
709810
983830
1228125
961098
1455773
1084943
629126
993779
1026723
982729
978540
1012966
1030329
685634
1194081
1728076
566948
1037192
976417
771928
1489763
987497
981787
1200668
968201
981426
955697
987208
1010351
1005412
1054576
1008748
937052
956880
998419
858613
1345709
993299
1061188
1006184
990233
1001945
684021
972359
1372951
1026131
999761
970586
977128
974212
1002305
1300433
990063
996936
999401
1154596
1000272
1606194
1519689
1418648
975244
999360
1042642
958031
964614
1180084
1306695
973601
1046640
984943
976837
1034557
992057
1005983
672729
973300
1001294
1001033
983771
990995
1274684
1187137
965215
992557
1364876
1041380
1000763
995553
995974
904720
998338
982649
1188289
556308
1047833
1005352
980915
1624920
962481
1034257
993389
1014369
1079952
964895
1020270
996926
1062561
1017174
1042562
554755
958462
930750
987568
1539808
953273
1126081
1044571
951299
833956
984873
987528
990503
1038846
1005352
666056
1017786
985744
976857
991976
657230
1011614
1125690
1003368
967690
967329
1010051
986606
564984
1011213
1132523
999320
993208
982428
966999
1011854
1280575
1032353
1088059
982177
1000773
1019559
940057
1043043
955277
973451
758552
996475
981075
992658
962210
992788
1119579
1093990
1393310
996505
970906
1023977
997296
990543
671787
542080
1410893
661889
1002787
965596
1107937
973692
1037513
1551726
1040298
1016653
995493
974724
1041761
965165
972288
780054
986586
981917
998910
953172
984873
973832
1408028
997727
1016052
979302
980554
986907
972620
1019358
709089
1393359
1565046
1275646
981035
651048
971367
1402728
1169343
997121
1021452
1002677
975355
946871
990924
506934
762009
1005703
994792
997887
1002396
1003358
1022925
983611
1372651
1019719
975375
988429
1002627
1008338
1043975
967459
1180580
973190
992106
969323
993449
1017124
997026
1500994
1008037
1023636
683480
982098
974273
995713
978531
974122
696273
602817
1024679
983590
975425
994852
969333
958062
1826629
993299
986746
1060768
933154
960877
571677
1075525
987148
627363
1037453
991926
977559
1015992
977599
1224739
1040719
1045849
956008
944396
519628
1003559
985444
792718
1010221
968622
977268
968922
998288
1038800
973561
1632368
1038204
1008508
525459
1006484
591184
961799
990413
567439
1053153
956429
983400
1030549
984502
1015061
955467
1053032
976116
964524
1238801
1002427
1026622
1019017
1001725
1274553
1024298
968812
972799
979853
951860
968541
1006564
963162
613437
1238245
1167600
1018467
950347
1041000
1141781
1007435
998619
989041
1005212
980896
979904
959945
1009058
1101895
986816
1415742
991174
1038294
979572
990323
1006493
989812
993369
965496
1001765
1027163
998479
990413
667149
986466
571517
1315832
1163422
1039817
1022905
1006293
1009058
1639858
1491180
1826504
2786008
1907753
1841341
754445
1077699
964985
1007766
1000903
1075646
1021562
1132953
990123
1018817
7578877
893429
1637013
1609430
11314916
1661970
1692528
1641462
11204746
1652893
1539758
1664866
10315536
1531222
1851781
1757592
6790728
1720030
1663733
1262070
1381147
1702227
1638135
1496996
1655368
1897634
1407516
876116
560306
983440
946530
1068502
1285385
953854
939467
925761
958843
938976
1396295
929788
947331
939437
954335
937142
1027368
979993
959224
1394412
1453078
1003889
961167
923056
929387
947903
622264
935088
966317
959614
928145
933745
916783
918998
916633
930950
1433095
1055622
1254746
958523
933625
975996
661177
942762
932363
1005933
957951
959444
953232
925670
920030
954996
997767
1060928
525570
964053
954815
953213
946480
901835
916453
944977
1248649
941750
957300
950086
1043835
995914
569353
965366
1002236
961839
1394001
1012295
962531
975224
965937
986245
1056258
967870
939517
991446
984322
963032
956709
1005863
1202597
953143
958823
971637
970135
982458
974152
986315
586856
533615
961128
1056890
939196
969012
996405
986426
1270085
1318807
966438
981046
965917
993309
973241
1012416
993479
1124018
945949
934166
709589
932794
561778
930279
937964
885974
1134658
968903
921142
945528
916543
945819
927754
632673
1123486
986947
948484
914720
935959
908467
945127
944726
947581
1101254
984643
952311
956048
959895
918287
1142313
1040989
1151089
927073
567720
934707
944025
933655
908818
940939
1277559
1055187
937122
925370
941621
933004
920520
1004339
1013046
949085
522614
926542
904570
966508
960947
921873
937663
1345163
1076347
978561
989702
747581
967169
959154
1321874
1555948
1570997
1551480
1582239
1606895
1551155
680785
964825
942212
958873
947472
950768
1792118
1236261
937633
937132
601043
581796
964264
879432
968572
923336
1034508
939587
946029
949325
901454
923366
1089972
946289
975655
957301
970266
581777
951870
956308
1035800
946931
1030800
1255698
954425
961458
979803
986897
1105597
971808
936891
943825
950097
720310
920450
951419
964184
1239272
1111023
1458674
959134
989391
976928
963412
965877
1190724
1016292
1043164
1020060
1002647
994131
1008137
987237
1022564
974663
1156540
979612
955978
1047462
1001424
937323
491294
968983
963913
980785
550487
1000021
1013022
970926
961448
984773
1486782
946900
1007395
1098879
1052341
975004
995663
1334868
1705943
1956666
1361268
1518047
1751831
1647984
2148481
1126683
1028045
1043804
669614
1031542
979342
653844
1015261
978020
1040829
943985
934547
1477745
989762
1033455
1140799
966999
664965
984392
627403
946420
991426
989081
953523
966959
990363
976798
989732
1540209
1066278
1150738
977028
969233
979562
971718
969443
994892
1012876
1263993
955638
987067
1020580
945989
1331252
1128606
994190
1038365
1167400
996335
987898
940588
1085485
1016413
992978
981747
991205
1032173
1544417
1854326
1244045
1725001
1275155
1011193
1803810
894671
1020170
1783926
2231649
1229598
1654366
1664475
1536512
1632023
1484808
953252
979954
1020080
1263182
997928
961949
965195
624949
1297296
1172981
949435
707445
973341
967059
957000
934036
976747
918517
1021823
961087
943774
523315
988489
933235
926713
996876
1145739
1063628
929257
938725
927874
914218
896835
932564
940528
928235
966498
929146
921793
1078892
947372
939546
948503
940669
946449
920300
910221
911353
1007476
1016643
975745
501504
947863
943193
955767
953343
964865
950127
1439909
701474
1129368
946440
619187
970325
975786
482548
919819
984573
941891
941129
673811
1067911
989682
968422
1044366
954425
958983
1467140
969734
978060
1354209
952501
919308
958213
926552
924358
943805
958994
1052010
1006955
953303
949857
952762
998428
941169
1013196
578580
930489
954896
951339
938545
954615
964164
940098
966418
915280
945237
945588
886906
953613
1038194
938474
1357582
986947
974323
913246
940008
916943
926181
970265
998329
957350
949736
947712
966378
947822
942382
1636101
898949
1042121
979242
930750
988971
1023046
985074
980084
955507
996094
936901
972660
1003358
942592
526541
1090985
1004615
1097652
1051229
954605
952461
950067
956419
934938
942202
954555
1088951
929448
905351
942402
906243
470906
1004760
477969
981647
974553
926893
972600
946951
942873
956779
507124
606533
906594
748303
957281
977268
958723
970104
572358
1036792
1314299
1091761
667429
1207376
931702
857170
918967
977018
949726
948263
1139462
976237
809208
947051
973110
902365
1174934
1436852
1129052
924718
942282
908297
921402
924848
929608
1147633
1094050
933084
925811
931071
914980
511984
929678
1294662
1085344
928616
891585
936050
932032
920600
932944
918096
776742
1188831
974393
951419
947662
958522
884081
932082
1278953
1120460
1019258
1024699
989792
935709
1031471
985093
729958
988399
985043
998469
957410
990042
943093
973641
1232723
994070
981527
987768
956629
984241
958222
978400
1011874
967490
942392
953243
970005
980054
976196
962942
1327910
986796
847411
533755
552510
972639
605231
934898
931020
928425
926722
947983
937743
900031
928615
924969
969634
935960
1077048
1365090
1043324
1018637
932764
622143
936501
980555
1066554
968612
1007816
1602467
974834
989712
894070
926993
531491
1069073
995483
969073
984141
961278
964374
1257692
1028115
966628
946610
990573
939356
1043123
984172
1022154
973621
1091505
1015671
1474504
994531
980645
988159
943264
996986
1185133
955888
944566
976697
982558
945518
966898
989412
1137673
949015
978059
903227
935179
1120400
959745
918747
972790
955247
923997
1401345
1022935
960947
966187
1002957
1034558
916272
935498
747502
1156594
954525
963602
982318
989221
966388
986516
965667
927674
887047
949626
975435
990714
958573
476486
981727
982058
937522
980274
947291
977779
903438
972249
969393
953323
990914
1078501
935098
569012
906534
1496726
955477
1673753
612555
1017916
961528
1019048
934207
1017034
983079
1024499
950558
1047352
1355758
967239
1412836
983711
980173
968853
981066
959254
982388
553853
960847
947482
946439
991195
1237588
602676
1055632
1024007
959866
1012836
714399
931321
816512
693379
951279
554464
947682
934367
932012
840588
918777
929096
1147167
1013657
984793
1001584
1123296
655256
1020831
1006203
1246880
984803
995914
1026743
950798
941721
988029
955056
971498
990594
1032183
960306
990293
1537323
633475
971948
1124308
971307
981136
931391
986075
996636
569733
1021272
948313
1015340
986677
989662
989792
1449817
1608358
1070435
982849
990433
967590
989902
985063
988599
974413
1092697
951208
931852
976016
711764
997888
1073902
983149
459573
563582
1012135
985334
1003909
986205
1133997
990453
973591
1004240
940599
993419
955016
992507
973120
1146079
990603
961549
1125951
980004
981377
964194
1003889
953192
970756
1002526
1007976
539126
983320
990343
931561
954034
1164023
989983
1227264
986155
996916
996515
557560
970606
723706
1030670
672238
978641
1237649
976236
918847
916252
920420
983380
908207
926713
1028786
937904
933615
938154
924368
912415
914309
932373
964023
1004099
945548
923366
914159
946089
993510
948434
900572
1073245
973652
953894
924658
995362
984682
988419
1044396
972099
960216
966338
982589
928286
1025981
1125961
1050569
1025089
1027954
995483
971057
981987
996756
537181
994090
1139967
977218
979032
971808
984362
939476
1103308
1044325
1051299
930179
1092492
1009029
1034076
974904
979874
982699
1099140
1148143
992097
956589
996906
925650
599520
991786
1026662
988550
1002426
933205
1017990
1076142
978120
1003889
1168802
999330
1008217
928646
1009870
967740
1352712
1107476
999461
1007666
985574
940639
995913
532242
992858
1039858
965957
1057952
984482
1005242
1002046
949716
866688
1809396
995032
1025490
983700
1030079
1001454
998208
973722
991275
1184151
948534
995963
1010952
994341
1102687
1434758
1017165
968612
1008638
976116
973241
1106624
975445
1201564
1014439
927153
977419
996354
1005482
964524
1530901
1116263
1009229
993580
732303
964814
1009930
973942
984953
864775
1021493
973161
1002437
999390
964744
973191
1445639
1132693
995894
1014560
1012976
971918
1014870
510080
992587
1138821
1065215
496283
958763
899491
995864
955297
999411
1321553
962430
986897
766748
965545
947292
940007
1007375
977448
978671
1007536
994401
988490
988940
985734
953644
1525480
1023276
972759
1026973
973161
902907
996595
1447963
1180976
979633
986566
971988
1055988
991937
1441281
1677299
1670286
1438966
1317565
1067991
818206
1818298
1400544
1237454
793288
674002
1397508
905602
1122004
998649
967159
971307
1264775
1619089
1678942
1683602
1613518
1602888
808287
1701656
1120917
971097
954475
1253845
514939
524878
583720
941741
1184062
970766
932844
935339
960266
943293
667951
921433
1146751
1305442
660105
963012
986666
969403
927193
1450634
935839
1055402
971537
985023
951780
998419
964855
946119
979824
1172599
945327
983811
965476
976717
950528
957281
1047202
980715
963592
989571
972199
969624
950177
932453
1043464
973521
1022384
923556
929697
985504
971708
978861
941029
1027314
959925
966658
935559
967981
975906
968682
1032854
959324
1271377
925049
961889
949696
908818
929627
1340529
1248775
918767
958432
932754
931491
940378
1101996
1396065
1121984
1304571
947511
916443
925570
942362
917574
1011553
933736
939617
931802
560515
929818
908678
930940
935168
1118983
1516154
808147
968381
982158
577208
914930
662620
914539
934097
959745
905502
926391
923216
964545
931532
1064033
955076
1065937
1178030
947372
855137
940038
962631
957992
925810
956559
908408
926853
968913
942733
1003698
1209951
921853
966869
1100212
972229
955527
1145603
1023626
1145007
550337
959364
981226
976146
546319
980485
952051
990814
975405
982488
972158
1000413
998809
932744
674072
958613
1022505
986336
981546
573250
973391
952180
1009229
974774
1016303
682498
984072
927704
979422
980414
971838
964174
1003819
717424
982809
949686
1018446
941500
984311
1006433
975255
986155
990995
962961
962691
998479
1084682
982668
983400
1046350
963121
971097
1038916
975555
953262
1012355
964725
965586
1135365
1080054
944697
1078210
1130460
947773
1018396
960396
961238
947071
1019308
987578
968121
966147
931351
912044
970847
954144
969653
1255788
1104390
967210
980625
973471
558762
986977
943795
970907
946220
943283
1011604
919729
499911
972700
911784
940879
1115306
971768
1130750
992808
952241
925580
962260
977920
755636
962711
1391626
1699722
1786307
1737735
1734809
1565988
1289793
1023671
1542178
1674484
1652242
1607267
1656661
1310342
922594
932002
928887
1163843
1023302
1088159
938725
944796
954946
990018
919559
931612
899841
930920
949355
1174864
934536
972620
918817
936571
576657
915221
954765
930199
934046
955197
928536
587607
554745
938595
517273
954565
926111
1168327
1240629
989672
956239
1088740
927484
934768
989532
954936
486575
926021
929197
946610
963382
938355
932203
967028
1037663
997827
988570
957511
1101715
950318
970366
994080
959695
953694
926151
906504
633996
959655
956128
942152
470064
1187819
745999
927924
659975
733585
958202
1436597
1016523
944015
1053423
955778
1355899
1074182
550026
910611
894922
960747
937222
546209
913908
937503
943815
1092628
1385826
949375
899300
1348074
924027
920731
923065
925260
939947
951830
493939
971518
926422
946300
899621
942222
942933
810070
940398
947171
1469003
926001
919378
1030675
1029358
949787
957531
971898
960086
949766
973551
929187
980094
1009380
1128315
930319
981737
762499
947241
984592
944646
945558
951549
937894
963332
918967
911433
933555
916232
963733
958042
908197
937934
1007365
964363
956970
963782
972229
898078
506473
904290
929668
932253
561087
965146
965376
953573
1006764
984542
970556
614007
934857
939286
957571
965095
965557
936410
945728
926091
947041
893239
950136
930930
942712
979222
1019699
963442
962851
950577
1057982
908858
1034236
938119
1455127
1095453
1100192
927253
934767
942853
944826
916513
1424258
1091405
900463
875214
943003
943064
883641
466738
935018
904931
582308
951509
1255393
939807
970886
943284
930349
1108948
923456
1070516
971478
949105
955657
939918
990273
927794
954545
1274714
972579
964434
494150
954094
928215
932904
830940
949826
936541
962901
947372
956909
951810
917455
999771
1113437
1076367
1001775
942712
936772
984492
968753
940038
1236081
557650
966167
1013237
931361
946821
948153
959174
957691
987187
966448
950878
939536
941290
981256
621091
946189
1090394
1023055
969633
928295
990243
943905
908738
939045
944636
919118
990954
448714
934607
631681
903418
951820
923025
907024
1037092
956940
930289
730169
913097
935018
944967
1031461
1147217
955938
994041
946099
888921
901555
935850
939827
1136567
1477169
978510
982798
1026512
968141
965586
1013367
1051220
981597
712856
976637
1001264
954605
1017856
1026542
1073021
1462561
1083816
953163
969814
951008
959905
1050418
992537
986355
969153
1004380
997638
987027
1034326
1100032
1292378
994131
997207
984953
990544
917294
833455
748182
1029257
998800
995924
674602
991004
936081
1005653
1391020
1323176
1127223
981487
1094541
987438
975495
1029427
989872
951169
864714
977680
966057
957861
714909
1336877
963031
1214214
1047432
1031922
1013226
974644
997697
1044225
1009460
953282
1009480
982288
1005602
983029
1015181
1015602
954615
1586081
966678
996855
934627
1000242
1192704
1134477
997988
1110086
1249577
1723096
1517215
1036862
573671
1022244
1096875
561488
1019318
1027799
968352
1102827
537492
991516
998599
999190
951660
989111
1007186
966859
935810
991986
1391737
998879
1012555
1029838
540929
1050477
1006294
1008158
994180
883049
988660
987568
950798
1226914
994672
1011202
604299
1290695
829618
1065416
944026
1016343
554435
995994
545287
1096690
950317
1001084
979903
1097437
1009184
999040
965406
1494753
994071
1009310
1002326
1154275
990884
987979
631371
974283
1017795
970556
995202
982599
1397422
965275
1001474
1111103
972980
1015892
1012766
997567
991746
989271
993399
985644
988139
946560
1322806
995663
979542
677719
1374945
989742
1029257
940338
953593
970135
1081942
551248
985574
1005021
1018637
992668
1015882
1016352
1009490
1391907
1714425
948854
1057100
1014670
987337
963232
1007325
956890
995843
979413
1049976
951399
544285
1108478
998939
1163012
1311985
942843
1048323
1023997
1072590
1007190
1092698
576466
933585
969294
1009690
708658
985855
1053063
1224508
999080
1279654
996004
536080
610942
994341
1029377
1048704
747732
983721
975685
996976
1003849
1005462
1120992
987207
958262
959124
1248163
976947
959414
1021663
989772
986145
995493
959786
999921
956409
983230
970185
1275801
574733
991506
613557
1423948
939497
1021963
919759
1590895
978140
1720111
1550078
1567220
1806144
1666098
1627415
1748124
1097267
936080
1021192
979703
928395
999641
971267
612846
959725
993258
973161
999560
1062330
1198028
1422185
990724
1009570
1034307
979823
1038024
1001294
981256
601043
987668
995032
993880
1309009
991596
1021818
1011153
1456806
990323
1020952
1013918
1013938
955667
993048
950597
755727
1017755
1175055
1180825
1005863
1014900
1118572
1279022
981215
998608
1171443
987829
979102
961378
998278
960426
978571
1006344
1038544
1006745
957270
994942
980966
1611325
1085258
1046340
1017004
973882
949706
974163
1004420
505782
1011333
993920
988330
995372
968211
978921
949074
1392307
1252943
975054
949596
972590
525379
975034
963392
963342
1011633
982438
987007
991796
962140
995092
976687
990324
1292037
954025
987909
968792
1001785
978982
1028366
963322
1037112
1005953
985083
983951
957992
965877
980906
1261399
1090454
967670
963543
966698
981447
974854
978541
1194246
565776
970305
659224
966698
960537
1016082
966007
976677
1572680
1099120
1002787
1004370
728255
992988
1006564
1327284
573912
776206
966979
974924
989021
948053
963592
985504
912435
1651666
975315
996986
944376
990694
508447
976597
972509
943203
1068472
959093
956268
953464
957310
1137773
603297
1504605
982709
981326
1052712
1034638
950026
1047572
1003298
958944
976016
976987
986456
771728
988149
985975
958202
1484934
941891
1021983
1178221
992227
1014749
980915
982348
598127
986075
1006223
986055
960527
529157
1172269
1003358
1598089
1000974
999590
1011343
955266
1006825
971347
962871
976326
981366
995563
992527
957901
1015020
592437
981427
1538185
1115581
1082538
961529
1012224
985154
538574
958243
980274
1013627
580444
997016
982008
1222825
986556
995954
1305262
1202526
1056459
1001425
1000313
981556
970706
1021262
997657
988189
998890
1007847
1390033
988560
994621
1266408
1576087
1616985
1630130
1595885
1699001
1647854
995092
993760
1029217
996465
987528
1193049
1368943
998459
1019479
993630
1109329
593168
992878
961749
976417
542882
963963
999050
982037
1015932
981516
963102
1599602
1015721
1033916
968021
1134823
1005532
1000863
1173671
1655618
1149806
2008229
2384128
2506462
1695504
1769780
1627134
1670146
1768663
1706785
1742985
1679324
1829244
916713
943364
1578181
1183005
1014118
1364565
1628998
958322
940829
943013
1011253
960697
942042
1137112
957521
954615
920240
1062751
475414
954556
550297
1149031
986126
947552
883950
983209
1002477
573531
954214
949506
943965
1071588
668271
949957
1459391
970656
963873
949295
950617
938285
733956
1013507
632823
989631
980625
923706
919188
941741
1138905
991856
973380
1155502
1050828
939346
935309
942242
954245
932443
933405
1524885
1071107
1005322
961348
1077128
1135449
938404
976577
954595
913788
1032132
1000352
944487
968352
930980
956459
505792
940058
930650
957771
947942
1082158
1159835
968641
987207
960106
974233
727263
994330
900061
953093
957441
970526
1184332
610651
990213
953222
937403
1196706
1312626
1075726
1102687
960636
920600
496675
970125
956118
1028300
982899
945889
920380
933806
962039
927473
954435
1253684
1355863
1111916
943644
946259
996936
966478
956830
939927
1095033
1021758
928185
925540
905161
597977
941891
910221
986316
1000784
943975
906153
933956
934076
933085
943134
945398
970656
626100
943875
934938
933765
936010
954665
910872
1098489
1155858
993810
972218
978070
976807
957330
1005021
624267
982327
971016
955647
956930
982999
932363
985614
672760
1080154
939737
936752
989401
966918
968902
946520
559263
936260
1016067
973161
762390
909700
1140098
951459
937162
995553
1335199
937012
969514
931211
918527
929348
933334
933816
937953
483359
968481
509749
937473
948764
950859
939617
936541
1058673
1143645
988039
999211
950498
570596
947863
965445
1109786
1004635
968302
998529
999371
983481
976767
1028075
1010963
1401546
931622
985164
945027
952882
489941
906775
959204
950127
946299
945879
909760
982248
960397
922535
950728
952471
1559591
947542
965005
912175
709469
950578
906694
943304
988189
935188
914910
993840
919498
925570
915761
935389
1010572
1284618
967660
1013427
1020811
975756
997517
975966
517765
968141
984542
960747
997887
964534
569633
987878
938655
973731
1006694
1179332
994892
1042211
997827
982829
960907
1131582
969264
960005
953834
707396
903377
941791
932894
1070626
1093369
1174173
972409
946289
966267
930900
939267
988149
922714
954355
928616
650688
946179
949867
923095
950417
979793
1066358
1105472
978771
1015832
1023466
908568
1519174
1561505
1736041
1854737
1898956
1397217
1266919
1561750
1045168
591835
1053433
686615
1957513
1043144
1073621
1010271
1028956
649395
1083431
1049786
994351
1474013
1417075
1027383
1001344
1362721
1007376
1760678
1314004
1799010
968392
738635
1597408
2065889
1426012
1496535
1690134
1806485
1081606
1584282
996245
541420
1965853
998629
978641
1011634
1034747
979493
605351
994010
959034
977990
962841
952431
952672
910471
961167
986616
1545809
959945
746961
1494962
1038444
968401
926161
646940
979402
986215
1043264
644616
965496
947782
969634
984653
1132824
995062
998309
1130850
1305492
690283
984311
967570
1178251
969574
995393
497436
976126
956719
958613
995243
1014024
1028806
998138
1006584
1013186
1139146
933244
974282
1057210
958112
1009600
992838
962049
965516
942542
990593
1434352
999290
1019830
943013
1273812
978911
997937
1013408
964364
990253
966848
952632
976226
925530
982238
1062877
1002697
998719
937412
1008167
1496235
1014740
1093549
1113988
1009540
1008157
1011384
1022805
997767
974513
1266343
997838
994993
973341
1658724
1385875
583520
998328
1080194
990403
999851
1023887
969523
961458
996055
621572
956068
981687
1037403
1604898
1006414
1205442
2005629
1932375
1508828
999020
974323
1009139
1002446
978871
944035
966287
1000853
1623978
1089622
985213
996285
959435
573280
1010011
1014168
965787
652320
1084592
1004570
1013487
993960
1034026
1055467
682698
1363563
1242463
1493851
1535079
1550880
1570837
1465978
1517015
1434067
1499001
1488982
1518026
712755
1482560
1557392
1503699
1541732
1499672
1494182
1473683
1472691
1186897
1035369
1440199
975646
977599
1038916
901774
957150
994882
974062
680184
970656
1003167
993800
1007937
722624
971237
939797
1358643
886776
969934
984582
1027664
1010301
1006104
1007416
1157591
935830
1005773
989471
990103
956499
960066
1000653
1696497
995212
1022213
972118
997387
979573
988640
983309
943975
1470531
978460
983310
930599
979653
948855
849195
1080474
1123326
958673
947331
984482
986817
964645
1009089
974593
946360
964154
650286
895392
1013507
983340
539707
1755523
1200447
1006453
1034908
1055847
1004139
705792
865356
1010662
992347
1006504
1011764
1029177
1027534
1076157
987007
1359144
1034377
983010
1316889
983460
949736
1034286
986897
999761
1027424
992738
972419
926141
947101
572679
967039
1320522
1046099
989421
1027865
949105
954245
1070095
529587
538965
579713
955066
983972
1016983
951039
966398
1057362
998428
1318307
1029768
533544
1039747
1572831
1596776
1699331
1576247
1701396
1106224
557480
1005983
976146
864354
1440940
719959
972359
963553
902496
972329
939767
986866
1007165
999620
1008258
960196
1017175
1196305
1017765
992307
1512516
1008588
1020321
1029067
999510
829878
988800
998419
965676
1003558
977248
1036521
983170
1017265
957811
988460
1116373
872795
968732
963993
977589
1043875
1005351
976056
985103
1017484
934978
976386
1003498
1009219
1059259
988280
1499010
996656
1011263
926842
951018
1010181
1004831
1002466
958873
955958
992908
948233
995463
1131491
982238
983059
1544447
1001675
1019338
1024589
524888
995974
924478
998309
990053
1027944
957942
970015
1078521
1043564
557711
997026
1119969
1278061
963452
681827
982759
1183175
1005863
1012987
538083
1031352
640007
992467
941651
567409
1257121
960727
964234
1024368
1094371
992498
932103
986075
994792
891135
1079738
992166
968392
981056
971648
1001124
1201866
624588
949906
954125
1526783
969724
993079
621121
1028105
985895
947632
993109
983791
1001725
954716
969824
1022715
963542
988980
657200
1140879
1034668
658452
1011714
1048323
981516
1005412
1101925
1043154
990413
891335
1020371
1162321
1003629
522855
990343
991175
1554697
1016313
729107
1240219
689191
1007886
971978
982478
965235
999351
1098028
1008207
966898
988700
1003388
1000933
1534488
1001394
1142287
1000362
975945
998930
998489
966949
716733
1014549
1006955
915321
951670
1207447
976116
977058
1411299
541881
961318
983370
1023887
977619
994611
987237
967951
990534
1166248
1295243
974533
978581
1001335
1049365
1429318
1006860
1004670
961538
1000392
964063
978641
961679
991336
1422078
996816
1010561
943905
964444
991135
1481557
1712386
1687579
3170499
2237095
1770337
1603263
1720342
1026723
1067359
762129
953654
984463
959345
1220035
983230
1023467
951870
1141406
1043925
944637
996415
973301
965736
951820
898869
900773
914098
936891
923907
942883
919939
918797
918236
975355
1002372
967910
950337
923196
914970
915471
942091
1118427
1784438
545818
1011053
1031572
963532
1028205
933966
984562
1038675
922444
930509
921562
1042938
982689
930630
1118522
975525
962901
949255
971087
930650
982518
955557
574152
1018867
951750
994671
998058
986426
965616
977248
989116
1097186
1349095
966868
948033
912836
939006
921171
964434
986005
901374
941470
946560
967570
957751
572068
946760
943223
1677940
1002506
975214
949105
926862
951119
951259
454595
943524
957581
893319
667820
953663
909490
980154
952542
948484
1159786
980665
972489
993789
945668
925199
941841
1007536
1016132
955457
1058398
957982
637933
933856
931090
917334
1022499
1390183
988640
962310
993840
961618
952751
953243
1164274
968211
974052
959895
938935
468450
952502
944837
927814
988600
1663694
959435
506263
1042151
947912
926963
915551
946390
1092192
1094502
938435
943785
629667
929708
988089
575815
1526763
1111844
1010932
1051089
980285
973432
977228
994361
984642
973751
910481
949535
954074
1031071
966598
1170652
968832
1353594
636210
956739
948383
920751
960527
1031321
603548
946320
943073
948744
922835
906173
939527
1055868
965225
946259
965667
1676128
934237
976387
930369
962510
934227
916684
958583
949736
940027
505912
901354
682127
990303
985183
951269
1463573
928255
946300
696355
457109
596474
942813
924588
966408
522954
901013
665365
950698
924038
976838
919178
1202366
1086887
955166
983170
958443
935529
896023
933706
1044461
977910
970105
959535
731250
972569
951921
951490
985644
950527
962380
1094000
967199
948143
1008237
977438
943575
929708
907305
944547
1006213
1048879
900983
1380165
1015822
1289483
1004420
1687504
1174277
1532173
1047361
949796
956058
892648
1038124
988119
934257
970465
1071407
1108553
968842
1558739
1139627
946790
955137
1276597
962009
1227945
927464
932834
962520
897016
957701
905191
864885
905442
937803
998589
1163272
1033485
991125
1049436
958483
1022174
984812
973331
953814
968722
983871
634347
989261
985264
949375
945749
1017756
508477
949596
966157
962661
964524
1053909
726902
949015
937643
951400
544686
554174
914910
951940
964845
978330
962901
1581808
1100914
950097
1054174
987438
1105642
1271087
980093
976688
1041120
1127159
1014740
975445
949906
1026392
1379824
522003
592728
938475
1493319
930469
963652
978651
998248
956930
1079893
978300
965296
957441
1165391
687037
1470717
1105622
1025716
990955
966458
950608
968973
533836
1022684
929137
968171
1089031
993910
975394
1201940
978020
1291716
1118718
985053
1093260
945147
973441
1005251
1033716
621722
983871
991956
1008657
968321
993549
993819
1029257
1610272
1019728
1042072
1045182
1004250
997257
963512
976156
1007115
966247
959414
1239321
988750
1497698
1576308
1546762
1383100
1016864
975906
1009820
961538
1005442
997357
980745
976517
1873458
1002707
1041470
1025880
1233756
1019659
1029528
1020300
999080
1003318
1002607
974964
995362
1736111
1688812
1308919
1246851
1020591
1479423
812976
1022145
1005522
949034
981957
979503
993429
967430
993729
974493
945198
1088559
1010812
983360
1129107
1420151
1344177
989221
999391
975875
1038785
1332314
1014409
667189
524377
982648
561408
877489
986856
990834
546218
795473
1558033
990954
1016493
977419
923236
976638
995593
981376
1046400
970595
587157
994151
996244
995413
966278
942292
1512195
987207
619277
1014509
958723
1040098
965737
1111208
991626
979783
965055
941691
1054796
1244166
612364
959044
996504
1269464
964995
972529
720600
977618
975074
1050317
1009329
1028315
963693
957631
614419
910020
1027133
844616
951951
1258173
1444817
1190934
1001144
931061
1002066
993178
937914
1013497
1041721
951800
979693
957691
996705
958463
997497
1463714
721482
984222
1002627
586496
483289
1021282
971868
1020170
962681
890904
991145
983230
1015591
929678
1484623
1046710
1005672
1049055
951499
989622
717986
1007275
1349286
1093830
1156860
646780
973722
1000673
1037012
1178842
1426903
974463
981386
1026672
953443
985213
1315732
970296
973290
1069394
985163
1071036
991174
981326
1046761
1606776
1017054
1029818
585974
1006925
968221
990684
1161082
948183
998579
1711063
1641482
1714060
1094842
1485455
1017826
966799
925229
991926
957802
1025580
1033586
942192
989402
999651
682788
955237
1047301
1222861
1286225
634327
945618
914689
998930
994281
1013888
994752
1024729
1017585
1035294
1054526
1022965
1003799
989802
1292958
1136651
1133376
997416
1016362
1015300
989161
522805
1120731
990183
996234
998419
1020180
971677
973201
980104
1196685
1080314
929402
1023206
990985
1072765
992978
1007596
1023937
635008
1000092
920540
977248
855386
1005792
950889
1057701
981085
514228
1271478
589170
964645
722704
973742
607576
1023958
957852
1735265
967781
1365937
1007526
962651
1006393
495573
983380
1145719
781756
988129
1013297
999921
961067
1133521
831091
995654
993410
994962
998790
1005823
1003729
663031
1031461
668751
1541611
1279192
1045428
1003077
1453935
971617
1013161
976918
936811
992528
981035
960366
1195289
1003188
613867
1113347
1068502
967019
1009399
942061
1109630
983971
1007646
540257
950568
977679
1126302
1032173
1296771
1040698
969073
1433977
967019
993860
1032724
991856
1032874
937613
987979
602265
969424
966949
661337
984412
1261359
1023075
994711
1382468
1165647
996035
1002757
1301364
1789994
1788471
1461399
989381
975746
975134
993750
1328461
591054
1560031
976837
1012625
973471
962089
957511
1015541
990834
993700
950047
1007495
999751
979122
978551
973261
971868
1464044
998940
986646
1340845
963522
1008137
959174
993068
1024248
973822
995573
992407
1001074
954896
614298
981877
906714
531751
953373
949275
601684
1012776
1086446
1041741
500151
950999
986526
878921
1171117
1174788
1014269
986777
950959
1019178
1039417
994081
976166
990253
987298
936701
962761
1030149
1027604
621342
1160196
662099
989742
1002265
994340
674523
1012425
983410
973240
975835
953964
1083660
965686
964584
939577
919128
977939
979482
1021051
966548
1259395
1007556
1113462
1140008
979092
1043434
992948
1037062
1070987
638895
1003959
590032
1017635
1018877
995012
547801
1052000
998309
978311
881587
1181973
1216247
992858
1014900
1005161
972439
997206
954345
985695
1059114
988991
994972
494010
986256
1012635
1248684
1341631
1156685
1032864
967039
986926
997647
958051
993289
970055
1022294
950277
895102
950137
966949
586255
976718
1056259
1654621
1174424
638424
983570
961859
1040448
1000041
717654
938665
980755
563962
905933
983821
1012425
971318
915250
1286406
996525
995994
1059816
991024
987809
1039877
794622
990955
1065876
628284
961970
645687
978791
968121
1037212
1435299
1023497
1001144
976697
995423
1001494
556228
963643
976597
968011
1071097
978571
974513
708407
978310
971518
1191215
1197467
1136081
1009379
935258
1013347
951389
1030409
1427535
976257
1086661
976406
627132
681195
974834
979963
1287739
1224668
1008477
982548
949816
501774
977859
973482
1291085
919338
1019017
984462
620359
950999
977780
934206
547652
1181252
1228747
993820
1019780
1016333
694781
951930
980254
1040118
988480
538864
945227
992617
961499
1105778
969654
1503605
1376668
970726
989442
996264
989922
1006423
965856
986185
1013868
579392
919909
985293
974613
1010451
963733
894411
1234027
979462
1001715
1014810
966238
957651
1547663
987829
988480
1004680
965796
1010642
959505
972439
1016763
1008749
1075375
1023075
956589
984241
968231
1068662
1040252
987728
992959
987758
998549
955056
1008859
991395
988870
1148605
1348324
643784
996645
751710
623015
1337994
1519479
1554436
1581297
1564275
1626168
995693
979253
1461905
1708418
1180775
963432
1005602
957541
990072
982949
995233
987077
975295
1016072
953192
966488
844196
1361589
1128276
1013146
1014779
1360266
962601
980765
1003829
550988
951529
1000242
997978
1019519
1038896
973371
977329
1459771
1043004
980986
1173116
1015291
990083
1037143
955627
1015110
1441631
869784
989061
983931
984302
1120451
1498835
693720
1048909
1000142
1005783
1009911
1061889
1009881
971297
1146209
969403
1012285
1144186
1007035
1023296
1581357
1157561
1061388
810125
1069143
1020390
1191400
981797
1024287
1159936
975876
998880
1006994
967760
987328
1429639
989362
1131672
686265
1093064
957210
996946
1041625
952812
987167
992507
1001435
963171
825880
943084
1018356
1398490
1097948
1061548
866237
971457
1019509
968943
1029397
925520
984181
1073793
964815
992227
606884
988500
965606
1184152
1078361
896945
1384774
999711
1015341
994421
982819
959675
1002737
995683
1003628
1017745
994161
952180
993269
1661910
882218
1011243
1120500
954154
972189
1033490
1003208
999671
965035
1027610
985454
958433
983120
986306
948764
2017942
933825
946340
977900
990784
952591
962951
1097366
1009189
999801
1035023
977038
668030
959836
947141
1429498
1125540
984933
956519
1011083
947482
1015070
964604
971548
1003177
996956
1235459
988049
510000
980986
973612
1305649
1161032
1091521
1047737
1263398
1019068
1024058
693549
795412
1011603
945368
981787
1229147
992828
952090
1627736
1310442
1044090
550387
972650
956930
944476
1037313
721332
965035
956910
1044862
1254672
750007
987508
985034
973802
1078411
1004650
942663
1000743
629167
1008688
1293395
1551310
1296385
3413807
776857
4279933
1996977
990063
958803
1372720
1033074
971467
1005301
959534
998288
957010
1066292
1029387
976988
1188981
1032793
962420
1027293
982679
1283967
982308
989662
980745
1036200
982398
1013517
988780
1196265
1377961
783850
965897
1014870
978180
967991
976106
980063
1026542
1124879
1126052
950988
954315
947461
995823
956158
1423648
1017425
1323818
1049606
1461670
999521
1058332
1026302
983140
950949
1004611
1120391
984723
999761
1001194
1345809
601754
1002135
1004901
1038665
968011
1133986
1263182
784992
927664
1028746
1007616
966207
1011864
978390
657891
1398880
1210351
935849
1015962
951910
972158
971908
950648
961618
942522
978801
1025079
1009470
972910
894281
953002
609128
1435729
1162696
1007806
621642
996786
1145388
1011052
968532
1065376
1653915
1133786
1597878
1079042
1027343
3185948
1925977
1726763
992276
940519
724537
1064394
961328
1011774
913126
949135
962009
1652502
1063327
544916
1050588
1105742
999911
929297
971247
995053
672018
923937
957451
931852
1020450
927314
938755
952021
1013857
960987
934267
920811
988860
457400
913527
957782
625063
545327
933996
950458
922003
1137494
1092873
1011974
901394
956399
1320941
921202
946229
1009580
990283
622674
919789
915642
908959
906409
1013407
829237
1255306
988620
922094
963392
958463
1183731
956329
617635
1047893
956389
938705
511111
1029407
965546
515280
919018
943224
566638
955227
990344
952802
708697
999641
980113
960977
989452
1188791
945328
929237
918647
935389
923236
972830
953663
974884
933936
997106
996184
963291
1035930
1282354
1042232
920560
910411
936330
942483
580053
924247
921222
914298
966798
1141721
997467
920650
586345
931111
962230
968612
961789
918867
1028165
956299
572559
931481
924869
941300
919288
920391
1093921
996095
946139
988730
966648
917826
942523
977318
965255
1032102
953744
946661
979243
991786
945638
976277
1293280
968942
978621
968091
952481
995833
1303108
1019208
953693
1325120
963623
941310
957351
634597
1120105
1015556
1061458
963782
911383
936912
924318
940869
891806
1000503
926662
1026182
994672
947432
929598
915400
903388
932152
936611
1071878
1041225
942793
955627
669193
934677
1016172
1141841
941004
1014088
1017986
646189
934818
945799
954225
901034
978932
943595
907776
947872
942573
907115
945838
941460
1238165
1096134
968722
908428
611813
920500
881607
940939
927204
943474
952802
919729
916162
917936
933886
1116624
1200929
982729
1093470
994963
987758
993149
990834
1017755
966658
971728
1057691
969614
926110
965556
983029
999190
1000823
1266328
1024894
987558
590774
933986
881096
940459
956709
929448
925240
1357562
895043
912565
946239
941190
934146
943795
1001905
1148544
493097
941661
939436
930189
928977
927985
504339
944325
1008193
1036446
942733
930139
962119
905973
977018
937593
1108558
971217
942542
492737
1031056
935770
936822
885214
903929
954646
937523
1336681
1073592
973661
933114
915311
711302
1193600
966959
1030610
940759
984993
906815
945308
986997
521692
1018332
669994
920430
918867
889371
947952
911043
929567
2248180
997256
987437
955928
915551
616773
978872
1207626
980354
963993
550837
970225
534226
568741
922424
941410
949596
969013
970675
953924
949265
985515
941030
921833
905521
993509
971557
923736
932764
925640
930118
931902
939737
983570
978110
1023737
1000152
946300
1497607
1750939
1750118
1382368
998158
961137
1001144
957561
1011784
1012024
1537513
976266
965897
1000613
1065366
1047933
993920
672359
905332
1014118
1029779
549856
1008307
1184402
987347
1028556
1327575
1143555
1047462
1012034
982839
962911
995863
1003568
994110
916633
979623
989692
1181427
981085
525800
998689
1488440
1086596
980023
993920
953102
979663
1028881
796950
983280
977458
942291
993720
1217986
1003258
934637
649064
1084863
1014218
959855
930098
594511
973662
980735
953613
554475
962651
974763
981607
598028
1119759
1023316
996635
1001264
1074573
1403274
1028947
957691
981076
1009219
986556
997427
944837
952121
964945
1050868
1085935
1015932
967770
1005141
1564866
1198404
1084322
965827
1052291
1001304
995413
963382
981937
1003448
530348
1055648
962991
998388
960787
981537
1071998
995012
985053
981065
1100894
999901
968922
664083
1014088
955366
1040729
1225736
965005
975796
983881
1003018
1504551
1013096
1024729
963943
997226
975626
849610
758417
1009399
989762
981998
1103273
1006885
984723
1002576
1001524
1327865
680694
974653
1148354
1049806
1006644
941981
1033275
992868
924829
1066488
1001364
906093
1010201
539356
966598
1002567
875360
1813283
998319
1005081
961559
1040489
1009609
959916
1016843
596555
548944
989512
902847
1018457
992818
842151
1402096
1377831
985063
996174
1010561
964625
973681
962059
956098
978251
961198
958433
979663
576146
985414
968512
1271327
1176187
1158523
990984
965937
979603
1001003
1018647
958844
993730
1051129
944376
991555
970556
1055487
1113588
1575005
1154255
1023797
728656
1001444
981116
1021363
994792
1028305
545788
1008268
1007025
1019188
949105
961699
985233
1601485
1315862
986466
997136
1021162
971077
998188
987017
1078542
1005672
1014208
937583
976216
1004851
923766
1441572
985284
992538
1005993
957701
959865
966448
997207
1347803
974173
973401
1015170
945247
985484
1014639
517805
1444377
1113026
898078
973872
997557
1016143
996605
1016513
1116333
1008598
749586
1001375
1054600
996720
973071
1008268
1138574
1086556
989481
1048153
994681
1005452
996365
1027354
991495
1014970
970896
1360978
1001434
1070095
968652
1181637
1276658
1001484
1024388
973231
1098424
971818
988399
933275
1010050
488028
949826
991466
877148
982859
938114
1105272
1033736
1142412
931301
1012445
491384
1003708
976226
1144221
1571869
1573392
1518678
1525260
1660437
1782730
1711555
1648735
985423
1018407
1048644
1018667
988039
745753
1148924
928796
753864
959584
1607020
1656058
999681
1029307
1011032
517935
896034
970435
1548935
1716985
1701426
1008357
967380
988931
1046931
1542709
1060843
1035940
967109
1029618
991044
1285639
632512
953513
999170
1026332
966828
981486
976286
1047341
974222
1564890
946590
1014239
1020561
1000051
1200713
1014068
971187
1006955
989712
1056610
1021242
1029848
1020891
915992
1613879
1033540
957100
958142
973952
1133866
1124568
975014
963001
975015
957731
956148
976146
998168
972208
1085003
1020511
976236
1035900
983190
961749
1203318
1038154
585744
987117
979182
970957
656729
595712
950869
1150689
1009159
505942
1216964
960557
961358
1036601
1014379
983139
1015381
982819
923376
982648
983520
946270
943664
1180285
1167715
1012896
1444787
992347
1066278
943865
1056639
965275
1009711
915872
949615
979002
990264
640188
1049777
1016342
995823
687297
1529198
996384
1018847
973030
1056158
983260
653192
1003377
973070
1016363
529958
987358
962130
1222624
1004971
966247
1243635
1054375
995974
1100583
963873
1029568
1022555
961318
998849
967209
976096
980936
1031482
795964
795693
1000652
1109420
1361680
983971
1284653
1021372
1029588
963612
1001975
1001354
987829
1035108
1276627
1186687
1047952
986857
1156740
1280535
994180
1020120
1034558
945167
1008528
1016412
940038
936721
1108347
958262
961749
1040629
987798
1002857
1317425
1106233
1581378
1092708
966528
985944
961578
999341
982678
1041821
942762
976256
992398
724548
968192
1283290
1495949
1003047
940658
1000292
983671
1005512
1046209
970425
954515
898919
963913
963773
983520
965366
529897
951881
1111253
1074323
1062951
1009049
1008628
958984
952822
1025390
1017856
1010301
1061854
958572
1005402
992156
640889
930459
1543454
1009490
990303
1066828
1014820
957340
964605
949626
974944
1090444
1019939
988309
1042843
963793
998338
1150348
1362231
972829
721081
1023156
983810
988449
1000182
999761
951800
997246
1111153
949526
946200
966027
676761
996535
1092768
1350373
914118
1034567
998098
964154
1012064
985824
987437
1007586
1028095
951790
1065692
1052457
1023887
968071
1760327
1004029
1025510
951530
991325
985494
1006604
647942
1033175
1006774
965536
1006023
956108
987037
973441
1300543
1292468
1017636
1009509
992597
995693
619228
1048634
1163523
1053022
1000623
989051
960847
956279
967119
1031591
1576778
1036962
1068863
969724
1028005
989372
1007236
1002837
936621
976126
987047
1126777
1023797
994531
941771
992597
1033856
969894
982899
978230
1013878
995463
1142643
1001975
972570
969984
556448
632803
1008337
959134
992206
1128345
1007376
1020711
990654
981948
999711
996225
621522
1015280
945839
978240
908257
1122615
992297
957461
960196
990213
1070500
1425331
1122319
1013047
1029638
971918
994962
1178541
984602
1000232
974123
996044
1031706
986616
943755
1070346
1300824
1051810
1034787
1006444
992367
957782
977579
982208
585183
979643
983751
599450
982338
997247
550607
1320701
1026021
1499677
1006604
967770
1035859
999240
1077515
1018177
977609
989271
750196
997777
975395
1002757
1068331
545768
962671
1284453
973751
933845
1005742
937953
975235
1027114
912976
992949
987307
969493
994932
978691
856870
977249
965225
674943
1092858
735218
930540
994891
977979
1516574
1076783
993349
983931
952982
567459
975515
957711
1042583
1023826
974232
1500072
1053574
956439
978030
1183110
1005743
1003107
978942
984251
1065536
878019
1949953
1654946
1589273
1765007
1838586
1552843
1697608
1696676
991335
1015872
1003679
990514
636590
1724208
1660588
1677620
1700334
1560077
1739463
1000763
1392077
1018457
975064
909259
1414500
1076056
1792729
1778112
1583451
997457
1300338
1028997
968923
930329
938705
718386
956228
947752
932132
977108
957330
1178231
946500
964535
938695
985399
563511
937092
1018847
951860
953263
547802
788589
948564
930379
967419
1012225
937252
1024869
957671
979723
969013
1017696
972289
967610
950417
951860
901254
945188
484011
920751
925049
953743
559354
1551586
984161
997667
906634
944126
935559
531601
931801
713857
904369
1110376
949926
959274
963653
962069
932593
1270321
685583
939827
903007
1082508
616813
920290
934196
1095894
956359
962210
927394
920300
937412
918556
926241
941891
1093259
1030850
953283
943665
1005242
955487
941290
996725
460737
939567
938545
890714
505230
936270
932754
889141
1069694
1233967
1034006
950307
926853
961238
1053143
962971
1042672
960777
966759
915481
485283
910351
915571
926000
925480
979312
1014364
1008548
946109
939286
654274
1000934
936671
970515
940839
950167
947031
937643
968882
943645
960687
948634
1022123
1005402
960296
957230
966107
534597
1029027
991836
922564
944616
980204
946019
941901
932563
1216850
973662
971878
919699
991295
932974
993890
969704
930459
951810
949065
988179
951109
980985
986496
1184874
1106404
933585
487176
978175
979122
930139
969454
993719
941029
1593079
1008598
1118156
957230
1007025
1040759
961078
1032704
950087
1076772
1027575
915511
522253
938525
944606
872119
941941
1095704
1076878
958904
973291
936931
953152
937692
929477
906173
989532
922524
951729
1077083
897807
1009420
986456
1095173
1002546
1026021
1006975
974693
985804
744145
1011614
954676
1004510
969493
972881
1007435
1351350
2229775
2171970
1508749
1571969
1647614
1449186
555837
939016
1004791
945097
910942
583048
941931
951659
982488
992778
941350
1022780
1049436
928315
922795
514027
1044526
995183
948013
953744
950858
936060
951830
956278
936601
1091135
1151310
913678
976467
935469
1249396
959966
922043
955467
639446
933084
946300
939056
945087
963803
952121
502876
948965
1464885
947612
983400
578290
924417
484040
962219
955577
954315
1119209
1192237
951409
885173
488299
915912
446890
912856
1040558
1248745
959053
991665
545117
972229
944316
1008668
919128
1359010
897236
956179
1006925
954916
1031852
1000512
959805
1589462
1021062
1027343
999190
755216
991475
991755
938194
992918
980775
1026111
944395
979653
964324
997557
974182
1600844
1022745
984231
989040
992277
1003268
1257812
1019990
953513
1012125
977298
978421
959524
985404
556718
957511
1086802
1293069
958242
1020711
984683
987458
1259846
990503
1000353
950747
980374
500431
894671
952922
1081667
1012265
1073366
1200031
968251
1010021
979703
976286
1126713
659694
984562
988059
1021703
974473
1005572
982569
1131712
937773
1539557
1037553
984192
949205
998268
780875
1088470
680985
728415
975034
985023
1083616
1020080
928906
1067149
1009820
1041661
1020922
1008878
1033315
1010601
492136
1007065
1244742
1007666
967851
998669
646810
978481
940969
1087197
961218
1015922
1489603
989622
1015051
1022144
1006565
1068551
1008568
966448
755847
937012
998609
538634
993249
951750
1096535
1006854
1302888
1054034
980334
1036190
993368
961328
1119659
972689
987418
989421
999921
905242
958102
1019769
973391
978651
1370466
1012004
1021773
980194
983179
815190
967300
988018
1042934
971127
966137
987989
1002897
1047021
1006695
1024808
1380044
1101705
1034517
1008317
997607
990825
978912
1202126
959845
981657
996915
542111
969463
510140
994952
1001856
1010562
1796847
963412
998008
1008428
1001685
990604
1000873
945679
1005432
1052391
955156
988790
1116323
1058116
628364
684442
1068913
1033660
1047532
1017205
1185845
1460877
1552713
1521333
1523828
1606675
1604771
1043264
1725301
1249332
991345
966127
1230555
975365
1049877
1015371
978822
965987
1251980
981467
958703
1039607
958923
1422174
993079
983861
994100
1450294
988891
959274
968462
977378
956008
1075320
1005372
990914
1001815
952692
1311203
1302316
1400844
1076106
1393029
1676287
1031352
982969
976156
490403
980705
969674
1069439
944276
979302
1272830
1047261
1005703
953092
1495063
984102
1021001
925009
1111429
974313
1027594
989873
1006453
976026
926011
1204846
1205477
999370
971287
1036471
986105
960887
968001
1044486
950057
958723
966738
984522
990153
942332
1011183
1358453
1438189
1017815
1003959
999851
1007827
529196
978631
962601
1019138
1001885
1056038
1108308
1043004
974283
984642
997026
1159991
1022905
1026372
962431
991896
629357
949836
584972
990504
982599
1174032
1089321
983229
1038164
937774
922304
1146531
1104971
1196937
997336
684692
995032
973973
1041942
1002226
1001515
1194732
992728
1011634
984593
1010501
544055
1410893
961929
1443084
991085
959725
973972
898128
1009971
1009560
1010011
1011894
945818
988399
977629
1017645
603958
1373853
1185644
1052211
1017414
1012235
924939
1020701
982228
936060
975756
1236882
981847
1110050
931752
995303
1185033
1108097
987348
1004110
1006043
968262
983751
1014058
964144
993199
1081448
961208
943033
957270
998930
712755
980454
1536833
591575
1029438
727424
966919
751168
1082954
1222104
1094972
1060322
1007285
1016212
953614
1053794
1009600
995483
1393389
967901
1088811
983530
975866
1049586
1004800
1000994
1051995
984963
983510
966578
965566
978691
998920
1017816
1620247
1249757
1099180
1014769
966027
997086
1221693
1026322
990153
973522
989251
980815
684933
940915
1280705
1006844
993209
1046801
999410
924198
1001805
1065396
975766
1009630
930159
961098
958122
991715
916422
658232
1539448
1015552
986686
953934
505912
999240
970837
1126828
580393
998399
959214
993930
946280
984863
979182
999661
1178741
1082238
962340
979613
967520
987918
957130
1065436
967680
961439
971738
646029
959124
999661
959295
621051
1093590
991135
1044286
984793
972850
1048523
997266
999431
1070525
984051
967360
935018
1016884
976647
997888
967049
1405919
1460377
1010732
1028155
982478
1008097
972268
1028506
970656
1510192
995132
1003719
1001364
971578
1028836
1021392
1003628
1510422
942262
522614
1002045
1010031
1202542
1162450
867059
995393
998519
993690
1002126
1011063
1116153
978901
1074403
999471
1000182
986316
990603
1076087
618145
997567
953914
993700
939627
987758
952982
980535
1110512
974633
1124629
1059836
985303
961348
726642
939246
1172946
1038394
999180
1016993
977880
968502
952341
962811
1026082
1001595
1183881
1329759
964404
1021874
984472
993570
1193460
987228
972069
984833
795583
554384
1007456
1009710
982498
970415
1010211
1513838
998048
996425
977759
974503
657430
1011183
1015401
1050462
541870
975706
989822
1022775
983760
1236927
978240
1529459
956278
1015451
965937
983680
1145929
1003839
991305
1023336
947932
975275
984732
622073
1047727
961288
1345248
1198970
990744
1028145
971418
984402
995693
981407
961438
1028266
1038595
1000352
986025
1159544
959174
989952
1367230
1006975
1014609
1030470
981807
985144
979041
550257
987788
987478
542501
999510
978010
1277991
1035339
957811
1346010
1141591
986546
963603
1104149
985625
957531
1032012
1391667
1012074
783791
1006343
1312866
982488
900543
677509
1549507
968862
984562
637071
1068132
977539
1000242
735558
1007926
943865
1025150
1013527
954065
1216312
993078
939105
1325070
980344
1017825
990493
1055317
971206
951810
1018767
1015250
988300
954635
1022995
1414495
965345
1007115
959464
1557026
982999
983680
1211133
548202
967279
1014619
1016763
982388
935519
939326
980605
1018658
964424
1023547
1153133
1398709
998549
779723
1026071
541961
987939
994571
971076
937202
974743
985945
666889
1323497
1232053
965115
979012
1637784
997747
1057291
966377
1026792
999140
998218
995432
977369
1025059
1269033
1000773
1054736
1024137
1024117
1522866
975885
1032053
1009449
898339
993870
1029037
984883
1002507
968842
978371
979853
993389
993489
909750
1115752
1202877
639987
1137457
997617
985253
980013
976527
932383
1019118
569353
1000362
999681
992337
911874
960887
933325
1009810
1077449
960206
990824
1224162
1016663
958773
1001595
987688
991576
981106
994702
1020530
1048073
613697
969163
974262
1514319
1040769
1025019
1021192
1000793
994150
1010742
981336
983330
1017194
1003949
1007146
991866
1099000
1392158
979592
1316894
1331121
1701556
1617125
1685395
1654717
1677090
3427727
2003170
999230
1496926
1311994
995723
995523
988620
1025971
1009068
1001013
980364
957231
989191
1002026
926281
1695129
944276
1102071
1078280
1578332
1635586
1530771
962420
982969
932603
935179
917715
923546
1164124
1809156
1776699
1698560
1870722
1049366
955878
965937
942693
952672
952011
910651
936591
1071388
1253053
919388
961658
989151
988840
930239
1098394
538564
1028987
956589
991075
943995
968421
986736
992036
975214
1163814
995763
1021512
994140
958232
974533
1288761
969183
1016217
1127264
758613
1000964
948193
942652
923256
928195
929848
971237
1103839
1000307
941831
546109
878751
951389
1035449
928505
957832
946440
800913
981512
1022575
953583
991134
972459
994200
1023376
979071
971257
999596
572799
957140
904670
948954
949246
952381
992227
992708
931942
987138
647492
973280
1038214
1016142
593308
970516
987328
955447
963803
1015742
922594
943975
956900
970285
958253
933425
898168
771767
985695
1118887
535869
951379
589982
1153568
970385
941591
954094
630028
970836
917264
984832
1001915
936992
971708
965405
995052
955447
988540
995673
1019248
1017745
931351
974514
994050
988429
754535
975825
1126487
650226
941561
940298
969423
959805
1056139
1194311
988810
1054725
513146
938345
953723
950758
1042297
984683
936070
1143639
978731
948634
981115
974383
937203
993610
1069844
953102
600031
552801
944436
922484
906394
934256
961027
1005933
947201
987638
976427
928175
975926
1007245
1044567
1050106
1004079
956538
939286
950438
918066
585924
948273
948062
940749
565255
970686
497186
518065
979974
953704
949095
495052
1276798
1136081
954535
962620
932163
936421
928426
958142
931391
944527
989031
929838
967209
945618
951209
894922
943073
1485114
1082824
592196
929357
482227
923486
929217
943945
932513
930760
1000813
464894
946951
916523
939407
921282
540538
1186997
1284683
1208658
894912
963191
915310
928536
918917
924708
937794
999010
556148
975455
925580
897266
948824
934928
938033
927844
1050238
972589
512114
943895
925229
989392
576968
949426
937172
993029
919147
953904
935328
888149
930310
942201
949255
522413
1244737
971948
921222
925320
965626
919909
939546
935068
1065666
848013
949996
914379
850156
911894
918858
968502
929828
1167971
1015952
1001084
990564
968873
984642
978240
1259340
1002105
986957
959695
1001585
944156
1027063
994370
1400884
1270827
982088
1032262
990313
975204
971047
1004240
1098378
975555
993269
996986
948002
988540
1032343
966768
1639798
999160
1029768
973381
811413
955106
1333787
1123797
1559666
575365
1025861
997698
731110
1009320
1003668
1480325
1688812
1001013
995092
988831
636861
991755
960246
988690
975625
982929
992498
980074
1070215
1065626
1322886
727743
997487
984612
1093815
1004981
1113418
613897
1060467
1557642
1521564
1526663
1591928
1555779
1586978
976457
973080
1101119
950087
1077088
989963
1024017
991094
1076758
1014449
967259
987387
1174523
932814
1384783
992077
978591
965256
1001605
940148
978311
970536
989151
954525
996906
963953
1000272
1355027
945628
969434
819258
1161178
982348
995463
1030249
992437
1239537
993038
987658
621142
930539
1025650
998077
978470
1032864
1003849
1386922
996064
982819
1003038
1013918
1025009
950738
1014199
967129
948654
1043184
933546
975525
1011674
994762
998078
1546495
980625
998038
1020501
1012004
997166
985725
949355
967720
969714
977489
995333
1008698
995002
946790
1132123
1238385
995723
987608
883590
974663
983530
1033225
1008628
1050267
1023436
985164
990012
958072
1027183
996615
1290895
1206965
976056
1401892
1046029
986285
1003348
1016042
972469
998008
993209
987318
967700
1013066
979934
1010271
1581748
1469960
1181928
1005893
969854
977198
977839
1051169
1009420
1162841
633735
978561
792076
937312
984793
1465818
981576
1096185
955127
977839
983279
986065
1025741
1000723
952401
1171026
969854
981587
1105522
1030700
993088
1117284
1149445
984412
558843
988019
972920
970565
900662
967009
639436
1341381
986796
523094
984982
962009
949846
996856
1490123
1055136
1004760
596764
932223
999882
969083
1006995
933074
664093
1005452
915641
668601
971939
985353
969063
954154
1533135
970185
1003278
992808
1111775
1021662
1050688
1029398
965275
954365
948764
993039
1226131
1002105
929227
1092637
1061248
1033125
978501
1021302
1003759
960366
947892
940439
963672
1135068
1024558
946780
1007246
974553
984081
1490625
1000032
966067
989652
740689
703748
1070610
1003288
960125
1029417
955898
999872
1016262
599620
1035580
997647
1007726
1388189
990153
983961
976667
1010010
1301329
1071477
974122
1025551
997277
1007837
964835
959845
1031692
993770
1678291
1097377
1004029
950368
1005412
967910
993379
992738
1022675
1016894
970816
1007466
618667
923305
969023
1015010
1746861
966167
966258
769854
929017
948513
988850
927324
1013307
980034
976437
980654
994210
1039666
996836
998358
1500263
996535
830599
980605
630099
994170
1004710
1028416
1458544
1038685
682257
995083
1681348
1034728
1047462
1862502
1027454
581626
1005722
986756
992087
1001926
604850
1270717
989401
1010332
1026672
946269
1202532
995002
1503795
1100312
1028366
967841
1014830
575514
937032
926642
1137213
955147
973582
986977
997076
959575
668291
978120
1323366
1376016
950848
1006224
974573
992177
1002566
1037233
984382
978371
1012936
1009009
958262
1044226
870445
528004
951389
1666068
1007797
614839
990443
986796
995653
946650
1169553
992477
1015050
1027434
984653
1012605
960296
976697
1012645
1503529
989181
976126
1036841
933685
1000753
977739
1002316
940709
984522
977599
967890
973561
1035920
1149001
1040608
1025981
948754
962491
906424
977398
1008538
1150498
943394
546670
898028
708086
975064
953212
943794
1087067
1041260
1391696
1082369
1022504
992928
1015552
1275295
1005612
968161
967039
1005933
978771
913206
841921
1116063
1004730
988239
1398194
957891
1025129
999260
1014880
687046
1465467
1027133
991636
995022
1030028
990584
1003498
663261
1004721
541630
1368592
1170926
1023837
659344
980555
922674
504549
993680
1000573
1177189
986286
980224
978981
1003488
967450
988630
1525661
1011243
1022634
1009259
1288911
1446481
1163392
644917
976748
1029097
987248
976217
986746
970145
1145118
1415953
961288
1033185
766268
996736
998108
990203
978631
943925
997738
1020961
982298
824252
1294777
1000282
683109
1674509
963672
965657
976777
967579
975655
994190
955266
984111
969043
1009600
966338
1185584
949746
986777
1006780
1355392
1000387
1038916
974222
996245
944125
946851
939777
990373
963322
986226
916172
611313
994742
981957
997967
1550749
983149
1014860
1060758
1104751
964154
495182
993519
1004050
964865
982738
996625
1028205
1038284
977449
992127
1095603
1169965
1022324
1462972
1011243
991836
968983
925009
1000763
967069
962270
1117169
997778
960777
1026331
1123256
1045538
982999
1046209
983369
998579
934887
1016969
991555
997116
958172
1008998
1180865
1011784
959985
980334
663612
1087167
659364
1011083
981186
972499
992357
977359
1008849
1003829
976246
971167
980435
971297
984573
984502
996495
1462902
1021583
1032814
1156119
936891
981967
991184
1011583
975846
975555
1012255
1009931
988600
954495
1002426
981026
1550253
1068381
1294312
1002947
995113
961629
539997
965356
990714
1029749
1123477
1071663
1008798
979743
958663
1007356
929909
965276
1220201
1055877
972168
955347
933455
987608
979903
984552
961728
1019549
986235
1003338
990663
1103669
1120030
1089271
960487
944516
1014739
859394
988570
942022
993078
1488430
1644807
1271629
1603850
1577600
886897
1250628
744115
957561
1005392
968482
1006474
991034
974172
1150994
520250
952942
971408
940708
931351
1164244
1219569
1248044
955336
996254
952230
677168
991706
987999
954035
646980
955567
911884
962229
1187548
610211
981066
1237904
1214129
991615
1001936
1011363
972219
946360
1160867
1009098
977829
1004129
1054285
1014179
1016814
1013928
930329
1612657
1018546
765465
1026371
993379
966778
966037
987297
1089151
937192
1006063
994552
1037743
1059706
1065035
1004596
1233376
956268
1003127
545858
990433
956429
1030820
989100
1163623
994571
939146
1008848
973942
975405
1069344
1275616
1131081
1011844
994721
1009039
942672
1006915
1006514
1176628
955807
978201
992127
980434
975415
984021
923586
1537593
977128
696465
981587
981416
728886
967891
1119855
998639
1004971
996515
968431
990984
947422
979422
930740
606293
1357822
1081376
2091442
1050488
1648635
1297858
2267691
1680115
1402908
1484092
1598320
1598710
1662842
1715503
1752773
1725141
1736322
1662041
1711945
1021382
1715833
1017616
1281326
958693
985353
945578
992597
595392
1155993
1231793
1265030
674382
975485
968572
809239
1134974
735308
967239
958393
983670
1018136
973932
931762
935199
991215
936280
949445
948614
987247
962690
512003
951069
1003809
1017525
1118407
917555
933786
941841
896524
977248
948324
1011773
920560
978801
940969
956369
909329
1037026
1072850
981176
1475676
953964
1020861
981737
971407
982869
961318
1004009
968662
1028425
1046801
932473
944195
942372
925651
1173911
1028345
650296
943664
949506
1005442
753533
887778
921723
1044126
914560
952241
937864
941801
972439
950778
515130
925430
981928
1010262
972810
951249
971868
937302
952371
961859
911293
922304
964183
974754
945438
474192
918396
950066
962280
1100062
1003799
1167671
962300
966427
1010301
932373
947461
971858
955957
942683
525910
1104991
1016973
978100
990684
599400
988920
979202
1038655
613697
1020290
1011263
922073
1192964
1096866
940599
970144
967641
976848
971117
923416
957861
964234
956859
971778
984402
926562
921301
944045
1012154
909249
994251
929317
952471
967680
951249
964674
1005983
996485
967650
1011834
1245929
985764
956429
903108
1005542
1134848
878882
894391
930419
908347
934166
948764
914910
1249456
1308889
967970
1095714
963372
655276
953453
994591
1257787
990563
939928
944486
957841
967390
944436
903308
996956
999691
919969
1445007
1170636
1035875
1065637
1192969
968462
931041
931391
876737
901625
936601
996335
990473
900713
961267
947021
1160246
1018427
980885
549364
941721
1080274
991045
1010882
1031772
967761
976307
1043966
942212
952932
1001835
808157
947733
960426
1014129
529577
943424
960186
928315
418707
923777
518446
951129
919008
945999
957090
1043845
943494
983780
765656
987769
969774
970877
903518
1100192
903238
970445
935770
911523
925981
988424
1004270
976948
976247
949957
1002446
790293
980173
1077529
1079333
775736
1090239
1036521
941430
922234
893930
947973
929187
519969
947181
1068532
935939
933525
511603
902025
513657
873612
976346
992277
1029923
1018957
941220
968121
978030
579803
923596
935699
1124173
626883
968582
911754
975545
934667
928696
957751
956259
581476
903498
954766
938995
942131
929948
1131561
980915
1225054
992718
1014559
965126
994431
1037132
1051560
1394141
1263132
982538
980995
969795
990683
968382
984923
1003047
1640901
981377
980425
999981
1049175
1144447
1715457
1007767
989942
972960
661538
642412
956880
986015
927774
1051540
1009149
949425
991636
1030139
987658
938745
1596770
1227955
990984
1013687
971127
961208
1012285
976347
986276
1002486
970295
503828
970937
1067540
1012064
1127654
1504276
998849
977819
455877
993489
935749
721311
865436
975075
1247107
1067821
999049
968101
981547
973391
957932
1416283
542682
1164033
988821
1021573
969674
999981
985244
1002636
939396
1018537
989191
968672
791676
994741
991015
1411133
517774
1077248
1144496
992518
995233
947362
1104320
966588
1274012
984012
957771
968882
1008468
1003278
972149
1433766
607716
1016994
482648
991315
971277
989772
978842
965265
1036711
1143771
1052632
1006294
939908
969684
993109
996185
1526282
1021463
731801
1017064
983430
1004060
967089
984351
1063072
973621
970265
970335
990003
1030650
978761
970666
1341797
1003037
1043544
987217
1024568
974713
1006764
1090133
990153
954365
572519
978460
1022234
974493
991485
1082974
1128476
1153027
1043935
995503
997177
979883
1190670
1014630
983329
1013297
1009229
982669
1007306
959796
478089
1014469
1102366
1012886
999641
1006985
981106
918386
944075
1167310
1014930
935139
538995
522724
952912
966829
1003058
1019709
673611
963161
1121112
961248
931471
633875
932283
992307
1309419
989131
924999
950547
684571
537402
551528
1016203
1025831
1052125
1340670
1268322
1010121
1040769
933154
980144
690603
1236130
1017425
1002697
1063733
988420
905241
1015451
966608
1002597
1419850
968982
1030851
1035469
1043865
1007085
1065747
1035650
988139
1022670
994952
594169
963713
1006383
1002971
982068
1432574
976297
1022825
989773
1012957
973120
1039587
1060868
995634
993780
954384
994431
1003549
931692
973532
1258834
1292959
953684
722304
497435
1016683
991365
1024949
957380
1032463
956178
970626
953834
997307
969323
1168492
991556
1548966
721732
992357
643774
922804
598568
995804
983250
977469
981737
963261
952822
967960
984502
1167881
1018066
998569
1440830
989632
1240504
937974
1270772
1091245
990574
1016493
974463
642512
674132
956779
991796
969804
982919
1227364
1106845
1001555
1046380
1006794
1422735
1022234
995854
1007986
965386
1027694
1013347
980424
1016162
1008316
957140
1532445
1008528
976447
959425
859023
1002887
1032524
978781
981516
1010622
976317
1025931
1064004
989111
962991
708788
1436311
730500
980595
981196
538955
963933
980675
1027123
958532
980845
949596
631361
1959197
1693075
1106558
1632514
1782841
1289326
1006263
970566
963251
989582
892136
941080
1025210
490543
1121091
1004941
997587
481526
993329
1712817
971216
960427
1303173
999891
962280
991716
950387
912986
752421
1089491
974162
987137
976637
992357
1418107
995122
1033776
974934
1005492
973231
973511
1219730
995462
1023947
961668
1003738
1028346
980054
1001334
966037
1445088
655767
1036040
1027234
979783
999090
954485
973882
978331
981817
986856
1283100
546740
986506
977860
1010071
1354906
1053433
929477
549825
1016102
976287
1012525
983179
1027373
1026422
984822
946590
961058
1208308
1291366
1349807
1092658
1192067
1041110
811773
1036632
1072289
1002776
1003408
1021793
941961
1022755
994852
1338390
1363874
1281727
1188560
1003258
1023586
1016533
661468
979273
961298
981787
972910
973090
1009370
974483
984632
1259645
955186
1464785
1093810
978741
1008527
997577
978000
1014649
900473
990854
983150
992517
1005522
969263
1230479
974443
973492
1597928
993759
976968
1015220
992578
1005923
949986
689020
981997
992257
1140715
978330
1250277
1060847
1002256
1117265
1128877
979021
1006443
1035078
791235
1138926
1078165
1357572
1278311
1274203
1298750
1080975
1057296
992908
1323867
979473
810962
1555889
1054936
1144597
1030811
981096
698619
984502
992387
1031291
1111073
1007827
973160
538284
1215506
641560
1004220
1015862
1552192
1345439
1041390
998950
936952
975134
957932
959484
950457
1063192
948363
1409621
997246
971488
911594
955136
984482
964775
570535
975956
1014520
993189
1026603
969173
1301896
4515857
4283896
4218151
3871252
1748976
1648525
1506696
1086406
979172
963122
930530
956669
979066
979272
1243730
1164745
951590
931933
912725
937883
1653845
945688
1039116
1088019
973411
948403
932363
929407
924948
934877
978320
958142
935619
941260
933806
919759
1561198
977750
1038090
928916
875886
949486
949396
921513
944356
927043
941941
913047
897437
949025
982568
947582
935458
1399076
1029648
998659
941630
964845
932553
986797
991415
978330
985774
1057120
971617
980755
977008
979333
1056369
1013818
993279
953062
976837
934447
949256
946740
745077
987878
966147
1093560
1014550
1000662
976066
958072
978019
1057972
1120932
967820
972309
981537
978130
986245
999701
988430
969954
1095137
942281
960707
937603
953523
929799
902737
1421633
980735
562470
922635
918246
636530
598308
953503
922765
1047562
1181517
953623
956749
939426
954014
987527
938524
978851
1020110
988059
923867
936511
931180
952802
975445
943013
938205
1111203
988600
943144
622674
910932
921904
899741
1104410
1371032
940519
996465
988931
947983
1014249
977068
968562
980365
979453
961699
980765
958873
1036812
974804
1081076
1116833
989422
970676
942593
959846
984012
944226
935238
941611
1001755
953193
936381
955788
509599
940509
955717
1215982
1341211
954435
970125
931632
951509
930980
925690
957621
957591
1001394
1002967
925550
931631
960306
952942
794381
1023917
1031832
997256
972680
965005
955427
949976
933445
913116
966328
975605
625730
963081
947141
947702
879743
975696
1068212
484652
917545
997056
950999
946931
942082
952040
497416
938004
988469
977449
498478
973872
943023
973251
970906
968832
1043975
1265146
957140
975605
961188
976387
959755
970836
953022
1099791
968461
648884
949866
917795
945118
917134
545297
1084512
1077774
944175
916844
581957
895703
914940
903859
924959
920370
709499
1098679
1009921
1031833
951680
944236
552090
960697
651338
1124017
962200
1142212
689190
1268952
1239326
1227965
1256995
1024278
1302927
1144767
985063
1041600
507646
1241460
1189222
968492
1057932
977138
633094
959485
979473
944406
892006
1002507
1009380
5991168
1666158
1706165
1565648
1601035
9804815
960296
834867
1631131
11672726
1645800
1663372
4977915
958051
959364
967059
961668
969855
1047502
1310181
1553294
1563233
1225561
1714310
1221032
936090
969433
931241
945117
685283
934427
949055
934928
961538
919269
930359
927504
970946
894952
1004099
931351
930239
947572
905502
969954
894952
445156
932623
930669
906293
1035048
940549
689170
932864
955978
943574
922344
933926
941430
1021373
906394
578140
931361
907866
933685
953143
940408
924168
966578
983681
942672
934798
884321
932122
921633
929136
940288
984502
958773
945168
969824
933125
907446
912435
916503
1476889
954475
532773
922113
923796
943003
931722
944506
975314
944866
937813
932223
931060
949705
940669
927634
947501
931241
938324
946781
916803
1131165
1052561
950839
986636
982598
962019
912735
982899
977849
530769
641360
988380
981637
982769
951679
994722
963362
1463232
964854
1548304
1025661
960957
955597
961218
959544
946500
988990
991726
1384824
697737
612846
953203
1113067
560836
1086205
947291
1100693
959985
911864
970546
947792
906214
920591
1026958
1304681
1113718
945398
895032
934196
943133
896675
935128
1043324
940598
996945
989331
983390
972529
994361
1002857
1033205
946880
969083
940329
947872
965366
1002235
980855
1251044
1056970
946610
933265
970656
471917
951750
929277
927534
484301
914649
946921
959595
962931
491254
924208
1045969
992357
491184
980785
960937
930961
936671
959084
973591
961518
950818
997447
967840
935609
1000473
905121
567460
1001585
1010702
961268
955717
940078
946169
906885
950247
975184
1021643
952281
938354
946089
925280
934297
931241
922093
1020020
584511
969864
962611
973762
959104
952161
608878
934066
960536
1160206
1018676
679472
899319
962260
936070
968422
510490
964725
1014379
585773
964053
933265
951679
956258
955046
973942
984081
1079533
1025971
1005162
1024378
646159
936792
924568
947942
1041952
941481
948233
980415
959174
934837
935739
974143
951229
912355
991415
656398
903819
934838
952161
901475
827413
1018456
892998
977850
531260
994972
909439
533795
972018
1018026
967189
987237
550107
925691
953974
543484
958603
619057
924829
961428
1038746
935659
933405
952070
975334
986917
945678
1337965
1007426
997106
983269
944837
991515
1004019
1005762
1012085
1262511
1162160
987839
1050367
991255
1346891
1523668
1453303
1521182
1572801
1006084
1022795
1006935
981667
1561729
1009069
1024068
1027143
953393
1275014
969293
992187
938014
998339
979462
966829
611362
1013237
989662
944156
1488160
957942
994491
993028
1130680
947933
964604
982518
1062796
924107
528014
947592
1357231
1001504
978751
964635
1080335
999059
614719
986486
1015050
988139
992437
943053
992146
972960
1036611
953032
967340
1011644
1129353
1020571
1290033
976747
949075
996075
1009128
948494
1241640
1001734
950818
1021462
1034437
964123
1048935
1048413
961989
622194
974002
1111023
1013157
973791
1128867
913747
945568
1014299
927634
985795
923977
687538
947361
1032694
998068
949165
1014599
1660182
941741
998559
1064915
986907
976137
953694
1023066
990654
1058773
1014890
969825
981015
971217
782869
1171457
837623
965415
1072575
504380
1062490
970375
979022
1029037
944446
1008177
979723
513246
1072634
998720
1047542
967780
1191296
1287227
526371
743544
1001564
989662
1015662
939467
1045398
1020941
669533
739877
1318517
636700
1010652
1007014
701374
1034898
1643384
1050617
1152231
1021322
990995
986566
1029347
924739
973100
1045128
699852
1011614
988761
1008698
977288
1397678
1117174
1034287
1004821
751098
996455
1174423
988069
966128
1025490
978841
1005933
1039382
1059625
954074
1155447
1009169
1024703
996575
616553
935689
936982
890624
968231
689532
966859
985013
1011413
1156359
959194
1016222
982008
981076
1591697
600352
996455
994020
981587
976186
981336
996415
1020160
937633
1312115
976887
995372
1038094
966398
1043154
1354996
979873
1005031
1032262
981336
974252
1017816
981026
1003258
1016012
1048634
1014018
979252
1000042
952071
1273933
1019419
1157972
1011273
973401
933465
970746
1011032
1013918
934287
1001545
991164
992737
1188831
988229
1040599
1582108
965586
888128
1006874
531160
989241
984492
721633
667098
1000021
951059
1135680
600311
944546
980083
994562
1017044
1518027
991135
1022314
1042582
967800
972980
930339
746660
990484
1142403
1031080
1007656
976798
989732
984512
980695
1322464
494701
1156809
1012405
1029457
1007105
987888
681636
981817
923005
990203
974924
988801
965136
931972
983460
1278551
722574
804039
670615
773902
966047
973932
1016733
548813
965506
907957
573480
1116058
555586
982127
996505
998028
971447
1027885
1048293
1019449
953703
1252907
1066959
936891
979433
973792
992938
982428
982639
1012526
905973
1018166
995443
1243354
1320712
971538
762931
1227364
1573041
1964486
1578602
1627395
1715803
1801796
1946241
1756911
1795284
1698350
1720412
1713528
1247567
1142698
547531
995403
973231
1224768
1461188
1032613
609569
975184
609319
590824
971828
1023647
922705
1127985
1657011
992016
1018477
1001725
954375
954926
1270075
1312917
1106644
1018878
972239
963281
971077
1000352
971618
952441
951670
992768
1086847
970896
958934
966247
1078582
859164
976627
1009880
992999
950618
1021813
985094
1102266
993779
1033756
999019
991164
996024
980865
1002687
1670727
836631
1011663
1016232
995934
996114
990152
1088795
982999
994892
953593
985915
969774
1022153
944045
1000262
1194191
977158
977850
936992
1464961
965446
973110
987127
995583
988900
962410
977378
943915
1127314
968152
1391506
1003368
1030761
969794
1122865
1095563
1078350
988219
989512
821302
1001083
984262
1611199
607796
942713
985003
640368
1070285
570936
978481
1074763
936771
1010111
956378
979031
747867
1009170
890854
990844
1233185
1043154
1006885
549525
1437754
962491
1028316
1039376
722154
979904
999621
1030219
1022695
558527
1037002
1005703
1169153
1000934
947662
702997
950447
1520816
991025
1004730
1023155
980794
996254
970946
561417
982288
969834
1001054
981236
1398600
1279523
993399
1341080
1113387
974704
999321
1063814
955397
984142
980585
553823
964905
970486
986536
1070245
1017956
649905
971447
1008888
1541231
915611
1038044
1075771
1007987
949856
737603
1014008
667409
979583
954605
997387
1042593
973711
989362
958804
1022965
1530641
1092387
999360
1000883
983009
1012285
1057852
992587
944677
1121196
954134
957270
967089
965136
1044866
1449847
995222
1161168
994641
983100
991114
981927
589061
989091
944255
1452518
659705
974623
1000052
967269
667990
481866
1042642
987828
1114820
980554
1075895
983730
1019198
992518
994140
971597
1020190
998028
961278
971337
977669
1145619
1429688
1019108
1039517
1004731
1000683
709279
961037
999180
985875
1030330
1066408
1047486
1022875
987147
967219
1339709
546278
997968
640608
970857
507916
957391
949936
984181
985664
955928
1085224
989942
950818
1002316
1009249
974854
886505
1340469
974062
968011
1045724
988570
1005181
1036421
1018747
1016854
963312
984592
990734
963592
968572
509890
932873
983220
1301876
960746
955948
933845
996394
1002015
1023486
943103
1042011
976597
1009339
1007386
983521
982389
962611
1353173
984803
985004
669283
1040638
973461
997437
1049726
997497
1193814
672664
1036611
1019238
595663
1005692
979011
1054165
1622295
980465
986786
1028987
1167490
1009289
990183
1208237
968020
1106083
1000924
996826
1023586
1002406
967971
1625230
1048904
1022855
1010061
1008047
990043
1237493
975315
984271
679322
950708
987388
985444
960045
1000242
937664
1325876
1041100
994902
1007936
1019979
965495
988009
1261509
975895
1018667
971928
976457
991967
968282
1260948
1184101
1030059
969664
970456
992377
976116
1177554
789952
1007636
981837
929588
1020631
995453
971868
554434
1075505
1477710
992468
967640
989912
1017415
968341
1319484
1013527
997797
1110767
1037143
1026472
985794
985114
986897
1403789
1039056
1003158
1022770
971497
991696
549856
991746
990594
1211088
991906
539737
997577
993710
988290
1225741
1066278
675599
994250
1005853
983200
980905
954535
1026141
615180
977278
970996
959906
955266
948103
975435
1207316
951199
1546631
704510
559734
994131
948924
941771
1000813
708647
982669
953544
973451
919014
1671433
924568
1542874
795292
1561179
1792078
1827996
1530606
1174924
1005241
968101
990504
974342
1896392
999711
947893
1601630
1716384
1638476
1574464
1615753
985504
980004
939817
972329
971587
1003058
957200
936611
1452843
985985
903959
977880
926041
1037563
926923
977599
928987
664484
914649
1002156
922454
942803
1045197
1047407
1128951
1233335
962140
937443
956308
773681
927043
531140
939327
910030
928205
931722
938143
946440
1027584
985855
899391
948233
979724
999461
959134
942262
1011654
963242
929177
964574
893490
918797
924929
913657
983229
1006243
969554
1140148
955817
1056579
955728
956319
996169
993389
1002617
1011644
985724
490703
946090
965116
989422
1110792
988921
1010963
955027
1567100
1103929
1018396
1018186
500682
1018927
981076
1017775
999942
997486
978761
1048363
859544
963763
1021282
958462
1106664
1005583
962240
1017464
1003678
972289
972279
1044536
970154
989582
737483
1002867
972589
983690
994461
997005
1007495
1367189
997136
1473441
965977
991295
1004460
972289
1008668
969974
988439
899701
1013537
1007556
995954
642151
1191966
1566549
980148
979312
1015651
935269
1013437
945789
946640
539146
939687
1054555
929016
911022
936561
896334
954676
486385
1433796
969794
930239
897397
918797
941110
951209
951920
904110
1084647
1295600
961709
969744
969834
954255
918387
1428316
976467
974794
1015511
953413
954666
1007546
970345
1006343
571968
1000172
964624
981236
954685
980103
944165
953974
508728
1064413
947892
933044
940007
482798
936851
605121
947462
933405
995262
952100
924117
476386
925019
478821
933285
533675
923125
941891
1111818
955567
962059
964154
960216
937533
941750
921452
953353
944596
883209
488459
926432
508197
899501
925049
945438
1699107
1205332
946109
916644
938845
964764
907837
984522
950718
942622
909890
929638
947743
870775
913056
915652
1082638
1230019
934347
974323
492156
929728
915140
948814
899310
975926
963512
952391
935459
941290
916804
758332
942603
1033715
1033035
923085
926641
927554
927193
932012
939977
951279
978240
954074
936851
923557
537963
906083
916724
933835
957430
1046550
1002837
1011533
958663
943855
962491
966859
904721
995914
979844
963001
961237
970776
953453
949295
996205
975725
926592
1195263
964714
939126
968853
942532
970766
1265421
1018837
985424
964233
1019649
1004030
967600
983380
998278
1393039
1144586
994501
926382
937793
969344
978010
769884
955387
997266
968532
889461
982008
967700
1222354
951199
1271047
1119338
975565
995132
973311
999781
999991
975916
1025731
974102
998819
999831
563932
965726
1099662
983570
1164855
1097006
972950
878921
542251
1085379
1014700
966508
994371
967730
981908
957331
1000022
952040
1157111
991776
970887
1528076
1073983
976607
631942
1107667
966989
1157350
974574
997096
937162
1000022
947361
1032814
1007426
986566
1152817
1557862
1021662
988039
933395
1160938
1021783
998589
931992
957771
985344
1011934
1009119
965546
953493
1182664
1327199
991456
1023407
1005171
1004000
977088
1000382
1008618
975215
986355
985564
1227094
1096665
966007
1015170
1359936
939166
1011493
984441
1034397
948373
1137948
993149
986336
955627
965977
964825
989401
941661
1005903
984182
1263332
1147783
1015181
1155717
994532
1059074
861588
985484
987808
1034297
1202771
972179
986105
1092913
974814
981577
1276854
968181
1007125
1004690
974272
962921
981516
956699
990624
955647
605101
1121523
1027354
1040113
1001735
960296
1491621
983480
1207842
995303
982399
1008217
1007937
953753
705822
962029
691185
1007406
990033
986776
1021813
560085
1123185
978400
1062199
623195
710090
1000152
953874
1042713
963021
1053058
984783
989191
996645
982699
937603
969414
1378963
1033110
1114289
1021452
988390
971548
855016
534025
994491
990013
1047962
990473
1002857
980915
1005842
988620
917565
1256750
1055978
1010732
943734
1059034
1017906
1070536
984993
771056
1111574
1032453
978510
977799
1014599
961448
1330370
984332
1058823
622684
994481
991205
1008768
1023536
990363
954174
1046370
1038885
968322
987077
985955
1001835
724518
1251109
1116393
982538
1016432
1006264
1021101
998439
971226
948694
1017886
1030400
1169885
544666
1054155
691285
992036
1719915
1055667
976917
983070
1031741
999210
951910
1002566
1044296
995704
1016653
1006664
971958
985173
967199
1058092
1163462
1009219
1010882
958372
1069654
1009820
955507
1001815
1267931
1006003
996325
980385
987027
971667
1442057
703738
1001724
1033275
1031862
943244
989742
979983
1028877
1002607
987888
969414
985013
976968
1020030
1016153
1479784
1143604
975075
643664
988370
983471
981346
967409
1022023
995332
990894
996695
981336
976016
985123
1009570
1435880
1090563
997126
1029557
990523
987668
992267
1249772
1041049
982468
982207
955698
997507
943764
1003709
1118582
1596105
1011764
724107
1017525
985033
977178
981867
1188951
974323
992378
1070321
1030770
1007195
987829
595483
1028025
1698835
1284007
1011414
1008839
564423
998759
624939
948323
974854
971217
945358
1130900
994591
610020
749855
934717
1107426
1250308
1025991
1205532
946680
960757
985344
973872
980094
547361
1022955
970065
949075
991034
930930
1256815
1097772
1156059
1030490
984252
1025199
981917
1002676
1025270
1025500
1005222
988580
979683
994601
970987
1021773
987508
1149696
1075164
1040519
970486
977319
1000062
1086942
985775
993349
956579
925019
917374
987968
929267
1097347
1014389
1450738
1020991
955987
969834
647310
995503
1100853
952681
972439
967750
997216
993319
956569
621031
1001725
978681
549956
997637
1132514
973511
986015
1068051
992057
959013
978010
962050
1018106
971247
979583
980845
1197577
1004981
1051649
1011298
1127609
1001153
963041
999301
1001484
985253
987147
1014469
1010972
966638
1023055
1009229
1010862
1000001
991966
1006539
1268613
573741
1155086
992017
936511
990013
995934
965877
987929
1017906
588669
566908
990424
974584
999550
969093
1717020
1243490
1019248
968592
985174
968752
974132
972910
548152
974382
994401
1028967
965005
1001444
976577
982618
1360107
996254
1045809
996926
1007806
971488
990082
1013638
1001474
998890
1092272
1007926
995934
967951
971167
1016533
1044115
986316
1221793
561137
961108
973181
955677
980885
981867
1045267
1008438
968522
996615
979121
941149
562790
725039
770244
1065175
1075215
1002105
960676
1007285
1013757
996615
1001915
959564
1059375
1010812
943193
616052
991696
999240
1183481
1493855
1216874
1013086
998379
979563
949807
986475
957521
1079273
1250027
950647
994341
988459
934497
1295894
926482
1248594
991726
925139
984432
773201
978160
968050
663622
1097262
1004550
687137
1018577
968803
984613
957571
1016814
1480215
967310
976648
1033675
975946
1005662
645066
992357
1008218
1006645
1067650
1020200
960066
1049666
586164
1016243
1157832
971517
980795
950377
1011724
945408
1016062
1048643
1255036
965476
996094
993569
963071
965055
489230
1010080
1505537
991345
962169
1002878
960076
989883
956679
1256539
1008217
661157
1524419
1524028
1554786
825570
1564897
1188660
1732154
1457682
957120
950988
982218
998950
977509
965245
969984
1009620
1004721
976587
1142632
812716
1007446
1005812
1108338
965977
582714
1011939
1315777
1007295
986576
1000813
996685
982298
954304
988721
1243635
1114059
998599
986616
990353
669523
983470
891806
1083080
1025040
982388
959645
998829
927774
989832
950186
1104600
1276898
999070
993249
973220
947001
989272
1000382
1097513
1001845
1001565
963512
974864
965756
1006534
1001073
1180204
950237
990975
1003539
999651
950488
999330
982409
1656250
1020360
964063
1001434
959244
845789
1215932
1123957
1033806
1249806
1099851
764183
982829
959655
981106
959865
985093
912886
1022655
963021
964474
926401
1094867
489029
1043634
1269620
1011473
1005192
1018036
1004730
1033435
1022284
971387
1016533
1045569
999881
969564
771337
1001784
980124
1583671
1029828
1162219
597315
1097697
1104636
1089662
1056313
994391
988530
954806
1033395
1020620
1288310
701634
1239788
1350889
978631
1017284
992747
1003398
1280075
967730
973521
945569
988900
990354
969233
967069
1138455
1406414
1039607
964024
538093
596524
992488
967459
1208473
980354
802286
986135
941961
1003489
968832
1022214
1312560
1089361
1125901
996225
1008909
1074012
968803
1129027
1005622
1003779
1000683
950848
972479
955026
986225
1048905
996384
1249586
874904
697156
1023637
923726
597666
1185154
503377
993639
981948
986767
867169
1123767
983019
1674645
1347712
2284458
1587308
1068231
1758724
1752572
932904
1660117
1351991
1103087
1606275
1117836
2165799
1824294
1656475
1244317
1060016
642672
1010432
1018557
1165537
1193770
1048614
1157942
995913
1966259
2447148
991996
1003548
968652
979052
944886
799090
1645529
1752953
1254806
1122895
1499668
1647196
1602147
1548144
1557071
1299060
566587
1196335
952441
948023
960897
946610
885984
1450869
968050
947862
972239
949215
936841
941881
936321
907375
1228091
636310
513236
912806
908468
940097
910962
902997
490462
574693
1072930
1348705
807816
1030334
532473
961779
941670
978661
936961
1252737
1001554
611142
939827
926922
934627
900492
891305
792577
963973
964884
940499
918717
904240
937192
957701
942983
912425
943534
919789
935759
959635
918847
920370
942623
1374519
595512
1070936
951309
1010351
826692
962260
986055
959906
904901
945288
1060471
924548
927434
924989
607526
925871
935719
1336933
998458
967650
978901
937342
985754
606613
956018
1005272
570755
980435
948203
975525
611783
990463
959614
620199
1511424
951730
968031
1002677
934667
959965
1009440
573881
724167
979032
958934
983340
964844
941140
992958
1427799
1037102
1138014
945889
959815
943955
951229
935349
452100
969083
947312
945148
957951
921482
964033
916603
967249
919679
1012596
1185635
962621
939136
947933
964023
1023417
949005
994361
992107
948774
959514
980295
542271
984202
606223
990914
1209209
976217
980494
1004149
602786
1035749
1170014
953914
953703
955347
948293
961809
966477
954666
942833
661077
997968
1030289
1135399
525740
972118
962240
936310
626241
961178
1034988
984252
926021
982799
962250
954806
1022315
966848
962511
944376
1145338
1064525
993078
958252
642021
579773
948884
934887
939967
1056841
940830
967179
929648
971107
965937
946150
952651
1123717
969974
1066839
1021743
963222
957361
966798
959695
873811
951479
952892
932483
928966
963402
970756
1091194
948484
1173602
975975
963863
933716
957972
1001554
720771
1001995
960516
918737
953613
945959
969213
948894
920120
660315
963703
1018908
1020360
988830
1050207
731211
933014
662810
944907
923266
955216
940508
921031
941811
949185
1022484
934327
959324
1002827
1165806
888229
661418
946119
940718
920701
958242
898489
954455
948844
921823
943515
961658
1008237
995022
925970
565035
1029387
1003849
941070
510280
944506
1006325
964043
982779
960696
538194
981046
981286
956709
984452
979503
640087
1022264
619668
1509491
988680
1023837
1309936
1009560
967099
950768
912245
935269
667990
923826
958092
537913
686897
889932
935349
913577
899891
979593
956659
933826
1039968
933344
959805
953633
933284
934798
961147
456398
919018
1078812
1007155
996505
991135
1032829
1191736
992056
1066939
1544367
1265757
1035640
996806
980925
995934
966358
1140860
1038655
965195
1000051
1463743
1007015
1033966
1041930
926652
955096
988430
1022745
965697
981357
1041200
1194512
974012
966718
956208
977829
1273000
991525
1020251
1053454
948313
995773
1001274
990834
948043
991876
1043735
1021142
1016543
1032484
985634
1094341
1435671
954896
1034979
996876
1020561
979593
670695
1136016
983730
1171688
1007736
1005592
620410
1000592
1002696
974893
1053974
1072930
959404
742112
985825
979313
997106
956148
982919
1233957
1021192
1015891
962009
973351
1009340
999250
1541822
1181256
986927
1003879
970105
1001184
1005182
995533
944206
1158433
1013407
940529
963893
752621
1001385
1102000
1367901
614538
1002998
985414
990694
996545
959494
995383
985013
1113908
509058
1007205
986246
809950
990995
965216
1432275
1230755
976227
1019438
1039496
1004490
975285
980154
983240
1063712
964144
1007636
1001675
1135493
997476
1310993
1143575
996094
1030039
983490
1000903
976657
975605
984572
1294812
992427
975525
994561
1015000
948924
982989
1507947
968101
1159315
987638
987828
1025770
1010662
999471
1021553
975595
965255
726551
1003539
998219
986145
964214
1637514
1019950
948037
688389
973251
980014
996175
1056068
564885
1006184
1040880
831471
994732
911794
993429
973591
1627124
985114
965766
1029678
985384
936951
989001
1014839
1001404
967119
998679
1000403
972700
984752
1172925
1139998
1320912
979542
976547
834467
988680
934807
959073
1050818
962019
949365
983049
699249
948713
584271
983370
1002346
1023271
1036751
979062
989632
930580
1031451
993149
939837
1014850
986836
971908
1230760
980976
993580
963913
960206
1022935
585373
578971
961729
1032935
587878
888831
989922
995554
1052632
962239
973341
960897
1000463
968351
1022815
991846
1013748
1523141
956299
1023466
971467
976687
944787
1120350
990524
947352
975455
970466
600251
990534
1011473
481405
1135309
1420781
955056
1002977
1071868
1043594
995584
1139232
1075159
1033926
749365
1085444
662901
1043374
721772
1437773
1082128
1486436
994982
618837
978170
1000793
1012235
1293986
1005022
944626
1008207
953513
698128
942683
1040799
982098
960326
1314018
1001024
1000502
1031852
1004510
1108057
907295
1002637
956970
968772
978681
1002366
1002807
981727
1020871
984492
1238605
944787
988870
956399
1114669
972920
960627
1058854
968021
963673
964203
933325
1255973
984833
1009970
991325
1450959
1031301
715320
1000863
1005242
976336
949315
978521
989943
990794
981246
1289463
1011273
1002135
1003218
1281066
1130449
1048634
965275
993699
998328
1209911
988028
1000773
958423
981557
1079913
978551
993830
1000883
1167069
983701
988369
952932
960977
928375
989051
961087
1042332
1138905
1048855
771507
1065026
988580
747692
592286
978771
1017044
1114725
1021622
1067970
1072309
1028726
960797
991205
981356
490974
965516
1013487
562680
948123
964855
994170
956308
1436541
1225981
1128175
1011764
1013387
986656
986766
987939
996875
1015030
896615
984412
976667
1017285
970144
1203489
1637334
1163984
1013437
985353
1039907
971818
723747
562690
988731
1005332
980194
997777
979272
851278
963772
562320
1942249
955166
995904
980645
993630
998699
954796
987943
1236611
1076687
998449
1015521
988530
978340
967099
1730591
1092617
1645890
1553233
1560097
1646562
1621683
1680797
1279393
918046
989091
1736151
991405
1034307
1009069
975785
976197
868712
1000543
629111
1050758
1050227
1097371
906995
1096595
1861896
1654582
995763
1036501
1000572
996775
979923
1144206
1072184
1009620
970746
670375
995242
959424
1011363
1249390
1482920
1008127
576315
1009259
984182
1022034
948714
1023486
774062
950889
996105
609449
960316
996795
976336
1764145
1677430
1578096
1116744
1014338
972329
1024678
974383
945137
958502
1000182
991506
977639
996906
1173732
990564
1115577
1190675
985043
965406
972740
883169
1030193
976677
995914
1013457
973551
992788
971397
966317
1137412
1005291
1144411
1096430
580384
998739
967219
972740
1012666
1015762
995232
1006544
793820
968141
994992
973080
1103338
702275
957741
1253654
976136
1123736
971417
1094792
1057556
984522
1018667
938495
979953
718486
1068753
1017194
1153534
990484
1322264
1176047
958512
984472
1000122
1135619
1011574
994111
961850
968642
997416
1007156
525109
1024228
1321429
1001594
1005507
1063813
536991
979603
985955
992037
611843
1000433
986807
975235
982579
977559
1001385
975195
1121052
1002286
989722
1136977
1082218
1018456
993910
980505
863723
1001865
626201
969153
988690
1016984
970475
991726
986576
1001925
999100
1377450
1181597
999741
1004139
1022765
1143283
990102
990543
980684
976376
948884
961679
979583
1045839
983841
990133
1461399
977639
1000703
1022264
1346642
730339
1022505
1015551
992517
977198
1000623
972078
1019098
979833
1129829
1246600
1117054
997867
1002146
1002426
999801
1008157
1065857
1004921
1010471
981136
999010
882468
1684132
637913
1065616
1125160
1186917
1081026
1139607
568542
1029217
1027413
1052411
947482
1034817
1513384
1859100
1101275
1686126
1656871
1849567
1720872
2284184
2114671
2338998
2008263
1966284
1380771
1025299
1195233
1198609
1014489
1297177
1390684
1276417
2037149
1348624
2198250
1562572
1708229
1588320
1118026
1572621
1362411
2091738
1524610
1004019
991806
969513
1159365
986626
976767
670114
957801
979522
958824
1021482
946690
978491
983019
1058042
957260
1002396
975585
971317
787378
1124267
907827
946239
961879
1397854
1174544
987398
949616
941330
960496
952190
901154
953794
927343
953122
969984
1797238
1386522
1102206
960427
938935
621722
936470
990523
936391
999991
949546
952752
995853
1055097
1553544
1287257
1150377
787307
1192739
1377529
769282
1155387
1036882
976657
1094832
931191
986166
988019
980845
1209810
1383692
1768663
1723337
1708509
863202
1564555
1606630
1040559
1884073
1509350
1196415
1829323
1384823
1002937
998248
968451
945989
946299
538303
1101344
936801
921683
550647
968602
1016473
706273
1018997
1155939
1080905
899501
899350
914920
923075
954355
991475
919469
1118396
958592
956579
958182
1022875
962410
962500
1093910
956569
914329
986116
952592
898709
933796
929878
951550
942763
941551
975836
903989
926502
952812
932563
946049
1067971
1220030
984893
972970
1195714
1223723
1012009
976397
990563
999180
918166
1099010
1073592
1531792
1862943
2522958
1962242
1739057
2790932
629742
682318
1988982
1492759
1017855
1797748
1786307
1444467
998178
1051700
1013216
1324850
1031151
1057551
960466
564444
981988
1077208
959475
1305352
1019279
1258704
641029
1023025
966808
956809
1156118
1053984
1355727
977318
682207
986185
1266839
902526
862641
994491
1796667
1157942
1138615
1543725
930179
678000
1015011
1239317
1003358
786326
1019038
945277
917645
1239557
667960
940944
971207
954505
953553
941310
912896
948834
958152
949375
1059254
993158
1427154
4867597
2395080
954325
928706
950628
934988
938634
952321
949005
930910
955788
982819
906344
1096796
1042703
999831
945788
958774
528345
903488
933385
999059
1072289
956628
